path_id,delay_s,delay_ns,distance_m,real_coeff,imag_coeff,magnitude,phase_rad,phase_deg,channel_path_gain,channel_path_gain_db
0,4.3094311763525184e-07,430.943115234375,129.28292846679688,2.9509836352303864e-08,-2.3929247916498753e-08,3.799262415782323e-08,-0.6813463568687439,-39.03826904296875,1.4434395392070123e-15,-148.406005859375
1,1.76356900283281e-06,1763.5689697265625,529.0706787109375,1.8313284222415405e-10,4.087622462733975e-10,4.479109305677298e-10,1.1495919227600098,65.86676025390625,2.0062420482285234e-19,-186.97616577148438
2,1.6883750504348427e-06,1688.375,506.51251220703125,9.326869138126526e-11,2.2111872055585735e-10,2.3998444897976867e-10,1.1716361045837402,67.12979888916016,5.759253415953551e-20,-192.39633178710938
3,2.346833980482188e-06,2346.833984375,704.0501708984375,1.4624170763255506e-09,2.998632453454775e-09,3.3362343998533106e-09,1.1170413494110107,64.00175476074219,1.1130459604452285e-17,-169.53488159179688
4,2.3468337531085126e-06,2346.833740234375,704.0501098632812,1.4624610411573258e-09,2.9986186866892695e-09,3.3362412832360633e-09,1.1170276403427124,64.00096893310547,1.1130505926566588e-17,-169.53485107421875
5,1.6353487808373757e-06,1635.3487548828125,490.6046447753906,1.5031162980960744e-09,-2.1562465146729437e-09,2.6284516785324286e-09,-0.9620202779769897,-55.11969757080078,6.9087580598306965e-18,-171.6060028076172
6,1.1181118679814972e-06,1118.11181640625,335.4335632324219,1.3952670963046643e-10,6.274921138249567e-10,6.42817299389975e-10,1.3519997596740723,77.46387481689453,4.132140683447729e-19,-183.8382568359375
7,1.0764175613076077e-06,1076.4176025390625,322.9252624511719,-4.9481019281927274e-09,-3.768207967880244e-09,6.2195741890036516e-09,-2.4907429218292236,-142.70904541015625,3.868310465476479e-17,-164.12478637695312
8,1.367406753161049e-06,1367.40673828125,410.2220153808594,6.043901379371164e-08,-2.4999643244427716e-08,6.540532382359743e-08,-0.3922044634819031,-22.47165870666504,4.277856467362539e-15,-143.68772888183594
9,1.6330393464158988e-06,1633.039306640625,489.91180419921875,2.1718078446752997e-09,7.660311496238137e-09,7.96223087462522e-09,1.2945318222045898,74.17120361328125,6.339712061442397e-17,-161.97930908203125
10,2.35525817515736e-06,2355.258056640625,706.5774536132812,-8.210233604089012e-10,-1.671470739594838e-09,1.8622281494629078e-09,-2.0273776054382324,-116.16017150878906,3.4678937135583927e-18,-174.59933471679688
11,5.227672659202653e-07,522.7672729492188,156.83018493652344,-3.048064925459393e-11,-4.065056902202713e-10,4.0764680520055663e-10,-1.645638346672058,-94.28812408447266,1.6617591924626058e-19,-187.79432678222656
12,5.225919039730798e-07,522.5919189453125,156.77757263183594,1.8938089985098827e-10,-2.8401481166895337e-10,3.413642424288099e-10,-0.98270183801651,-56.304664611816406,1.165295470071994e-19,-189.33563232421875
13,5.222611889621476e-07,522.2611694335938,156.67835998535156,1.3305496704418829e-09,-3.351545152519009e-10,1.3721118685694478e-09,-0.2467583566904068,-14.138211250305176,1.8826909915163647e-18,-177.25221252441406
14,1.0375953252150794e-06,1037.5953369140625,311.2785949707031,1.4889206534363097e-10,-1.2860465470332372e-10,1.9674349649445588e-10,-0.7124193906784058,-40.81862258911133,3.870800400612416e-20,-194.1219940185547
15,1.6883751641216804e-06,1688.3751220703125,506.5125427246094,1.9347974333783213e-09,4.5870902631861554e-09,4.978437218028375e-09,1.1716461181640625,67.13037109375,2.4784837509344745e-17,-166.05813598632812
16,1.7635692302064854e-06,1763.5692138671875,529.0707397460938,1.8313582594853273e-10,4.087613025838266e-10,4.479112913902128e-10,1.1495848894119263,65.8663558959961,2.0062452794027911e-19,-186.97616577148438
17,1.0556661891314434e-06,1055.6661376953125,316.6998596191406,2.6322657595279075e-11,-2.8306976554426377e-11,3.8654458106579526e-11,-0.8217053413391113,-47.08024597167969,1.494167177973952e-21,-208.25601196289062
18,1.0565105412752018e-06,1056.510498046875,316.9531555175781,-3.4756272859759463e-10,-2.4208695048599793e-09,2.4456920932891535e-09,-1.7133913040161133,-98.17008209228516,5.98141001100056e-18,-172.23196411132812
19,1.0565106549620396e-06,1056.5106201171875,316.95318603515625,-4.086389213120434e-11,-2.8457647349711124e-10,2.874954441178801e-10,-1.7134168148040771,-98.17154693603516,8.265363164040313e-20,-190.827392578125
20,4.833991624764167e-07,483.399169921875,145.01974487304688,6.096563809343536e-10,7.665646450938368e-10,9.794397515250353e-10,0.8989217877388,51.50442123413086,9.593022426882132e-19,-180.18045043945312
21,1.8854860854844446e-06,1885.486083984375,565.6458129882812,-1.4081990018510737e-09,-3.592542374697416e-10,1.453302367337983e-09,-2.8918046951293945,-165.68820190429688,2.1120878209168674e-18,-176.75286865234375
22,9.940471272784634e-07,994.047119140625,298.2141418457031,7.478691443907337e-09,-4.007202569766832e-09,8.484603242209232e-09,-0.49188822507858276,-28.183116912841797,7.198848977164063e-17,-161.4273681640625
23,4.30943060791833e-07,430.94305419921875,129.2829132080078,1.405742966475998e-09,-1.1396471544244946e-09,1.8096708576109677e-09,-0.681236207485199,-39.03195571899414,3.2749085475418618e-18,-174.84800720214844
24,1.0565106549620396e-06,1056.5106201171875,316.95318603515625,-4.085054516878017e-11,-2.845783331206775e-10,2.8749538860672885e-10,-1.7133699655532837,-98.16886138916016,8.265359932866045e-20,-190.827392578125
25,1.0363543196945102e-06,1036.3543701171875,310.90631103515625,-1.865154075630926e-08,1.712826858124572e-08,2.532306275782048e-08,2.398742198944092,137.4377899169922,6.412575159054192e-16,-151.92967224121094
26,1.46072397910757e-06,1460.7239990234375,438.2171936035156,-8.098053894123325e-10,3.528241865335957e-10,8.833287989951089e-10,2.7307024002075195,156.4577178955078,7.802697524490735e-19,-181.0775604248047
27,9.739707138578524e-07,973.970703125,292.19122314453125,4.320080293496176e-09,2.3600739140761107e-08,2.399287524212923e-08,1.3897521495819092,79.6269302368164,5.75658043453685e-16,-152.3983612060547
28,1.016890905702894e-06,1016.8909301757812,305.0672607421875,1.4678800397405212e-09,1.568623808623215e-08,1.5754768156739374e-08,1.4774904251098633,84.65396118164062,2.4821270844860765e-16,-156.0517578125
29,1.0552920457485016e-06,1055.2919921875,316.5876159667969,2.420443845352338e-09,1.3006977717111567e-08,1.3230268436359438e-08,1.386812686920166,79.45851135253906,1.750400070597014e-16,-157.56863403320312
30,1.054448148352094e-06,1054.4481201171875,316.3344421386719,-1.152097639511851e-09,1.349900302649587e-09,1.7746999425582999e-09,2.2773008346557617,130.47972106933594,3.1495598722622605e-18,-175.01751708984375
31,5.222611889621476e-07,522.2611694335938,156.67835998535156,1.3305960777643122e-09,-3.352082222907171e-10,1.3721699332336357e-09,-0.24678805470466614,-14.139913558959961,1.882850223784281e-18,-177.2518310546875
32,2.281228717038175e-06,2281.228759765625,684.3685913085938,-3.7004772579507517e-09,-7.263465384710344e-09,8.151777031173424e-09,-2.0419867038726807,-116.9972152709961,6.645146848266377e-17,-161.77496337890625
33,5.224959522820427e-07,522.4959716796875,156.748779296875,-1.7443055333465907e-10,2.980245217276689e-10,3.4531816295313433e-10,2.1003289222717285,120.33997344970703,1.19244638120934e-19,-189.23561096191406
34,1.1374910400263616e-06,1137.4910888671875,341.247314453125,4.713615053830722e-10,5.739019259820566e-10,7.4266076621754e-10,0.8831853866577148,50.60279083251953,5.515450072962701e-19,-182.58419799804688
35,1.0552444109634962e-06,1055.244384765625,316.5733337402344,-8.2886266739024e-09,-3.8338939134519023e-08,3.922468039263549e-08,-1.7837128639221191,-102.19921112060547,1.5385755269855367e-15,-148.12881469726562
36,1.9411061202845303e-06,1941.1060791015625,582.3318481445312,1.3568789647422363e-08,7.245473110373268e-10,1.3588120850727137e-08,0.05334741622209549,3.056581735610962,1.8463702270099064e-16,-157.33682250976562
37,1.688374936748005e-06,1688.3748779296875,506.5124816894531,9.326996813774358e-11,2.2112013609021375e-10,2.399862530921837e-10,1.1716334819793701,67.12964630126953,5.759340011423928e-20,-192.39627075195312
38,1.0771591405500658e-06,1077.1591796875,323.1477355957031,-9.005096668346368e-11,1.3674088250592575e-10,1.6372918298923622e-10,2.1531600952148438,123.36698150634766,2.6807245057811512e-20,-195.7174835205078
39,1.015663769976527e-06,1015.6637573242188,304.6991271972656,1.4645419987857622e-08,8.284254704449268e-08,8.412713725647336e-08,1.3958181142807007,79.97447967529297,7.077375320453834e-15,-141.50128173828125
40,1.1382716138541582e-06,1138.2716064453125,341.4814758300781,-5.13247500055769e-10,-2.176267166476009e-09,2.2359700757590417e-09,-1.8024027347564697,-103.27006530761719,4.9995623403317546e-18,-173.01068115234375
41,1.0552444109634962e-06,1055.244384765625,316.5733337402344,-6.11719619403317e-10,4.2940695443860477e-10,7.473895946574771e-10,2.529547929763794,144.9324188232422,5.585911902479382e-19,-182.52906799316406
42,9.739193274072022e-07,973.9193115234375,292.1758117675781,-5.0838515619489044e-09,-2.3571370633135302e-08,2.4113379737400464e-08,-1.7832213640213013,-102.17105102539062,5.814550840051343e-16,-152.35484313964844
43,1.0154401479667285e-06,1015.4401245117188,304.6320495605469,1.2106286639834707e-08,7.291341752591052e-09,1.4132439218883519e-08,0.5420923233032227,31.059600830078125,1.9972584263025213e-16,-156.99566650390625
44,1.0565106549620396e-06,1056.5106201171875,316.95318603515625,-4.086114432921839e-11,-2.8457169953810535e-10,2.874903093363912e-10,-1.7134097814559937,-98.171142578125,8.265067834712237e-20,-190.82754516601562
45,1.6353488945242134e-06,1635.348876953125,490.60467529296875,2.045674518669216e-09,4.846811396674866e-09,5.26083310248282e-09,1.1714134216308594,67.1170425415039,2.7676364800170836e-17,-165.57891845703125
46,1.0149624358746223e-06,1014.9624633789062,304.4887390136719,-2.521504605113023e-08,-2.162969359176259e-08,3.322111297165975e-08,-2.432582378387451,-139.37669372558594,1.1036423197788195e-15,-149.57171630859375
47,4.844086447519658e-07,484.40863037109375,145.3225860595703,-1.1926762355507492e-10,-1.5324888580359186e-10,1.9419059416048157e-10,-2.23214054107666,-127.89222717285156,3.770998797885906e-20,-194.23544311523438
48,4.822875325771747e-07,482.28753662109375,144.68626403808594,3.393674674612157e-09,3.6749170373440165e-09,5.002203540271921e-09,0.825164794921875,47.27845764160156,2.502203982180045e-17,-166.0167694091797
49,1.0531829275350901e-06,1053.1829833984375,315.9548645019531,-1.230198054535947e-09,-2.0495318775459737e-09,2.3903909962541547e-09,-2.1113877296447754,-120.97360229492188,5.713969284072365e-18,-172.43063354492188
50,9.726876442073262e-07,972.6876220703125,291.8063049316406,4.8490552018165545e-08,-4.189123004039175e-08,6.407970687405395e-08,-0.712511420249939,-40.82389450073242,4.106208628733244e-15,-143.86558532714844
51,9.72687757894164e-07,972.687744140625,291.80633544921875,4.849091794767446e-08,-4.1890345414685726e-08,6.407940134067758e-08,-0.7124972343444824,-40.823081970214844,4.106169665217671e-15,-143.86563110351562
52,1.0540260291236336e-06,1054.0260009765625,316.2077941894531,5.346095832692299e-08,2.0562812608204695e-07,2.12464101423393e-07,1.3164390325546265,75.42639923095703,4.514099462065921e-14,-133.45428466796875
53,1.0531830412219279e-06,1053.1829833984375,315.9549255371094,-1.2301619722876467e-09,-2.0495027897027285e-09,2.3903472534669845e-09,-2.1113810539245605,-120.97321319580078,5.713760007377389e-18,-172.4307861328125
54,1.0552444109634962e-06,1055.244384765625,316.5733337402344,-6.11720341048283e-10,4.294020694572964e-10,7.473873742114279e-10,2.5295538902282715,144.93275451660156,5.58587881525488e-19,-182.52908325195312
55,4.736187122489355e-07,473.61871337890625,142.0856170654297,8.839846077357549e-10,-1.800639415350247e-09,2.005924093495537e-09,-1.114432454109192,-63.852272033691406,4.02373158143866e-18,-173.95370483398438
56,1.7523030919619487e-06,1752.3031005859375,525.69091796875,-2.2709746583249313e-10,-4.951733467706276e-10,5.447658990576087e-10,-2.0007972717285156,-114.6372299194336,2.967698889617284e-19,-185.2758026123047
57,1.0990072496497305e-06,1099.0072021484375,329.7021789550781,1.4772603140755791e-09,4.616229176690467e-09,4.846841150651926e-09,1.261080265045166,72.25457000732422,2.3491869839501882e-17,-166.2908172607422
58,1.054025915436796e-06,1054.02587890625,316.207763671875,1.8085785313814995e-08,6.957050402434106e-08,7.188289430359873e-08,1.316462516784668,75.42774200439453,5.1671504294541985e-15,-142.86749267578125
59,1.0990072496497305e-06,1099.0072021484375,329.7021789550781,1.4773496870290614e-09,4.616226512155208e-09,4.846866019647678e-09,1.261062502861023,72.25355529785156,2.3492109721879523e-17,-166.290771484375
60,1.1002560995621025e-06,1100.256103515625,330.07684326171875,-3.054304309468847e-10,3.105924128998794e-10,4.356092153656732e-10,2.3478152751922607,134.5198974609375,1.897553876160294e-19,-187.21804809570312
61,1.100255872188427e-06,1100.255859375,330.0767517089844,-2.435092960606511e-10,-8.493040160040266e-10,8.835236986470818e-10,-1.8500220775604248,-105.99845123291016,7.80614118077837e-19,-181.07562255859375
62,2.2812289444118505e-06,2281.22900390625,684.3687133789062,-3.700366679737499e-09,-7.2634391834469625e-09,8.151702424186169e-09,-2.041975975036621,-116.99659729003906,6.64502508728021e-17,-161.77503967285156
63,2.281228717038175e-06,2281.228759765625,684.3685913085938,-3.7004548314456542e-09,-7.263465384710344e-09,8.151766373032387e-09,-2.0419843196868896,-116.99707794189453,6.645129642909636e-17,-161.77496337890625
64,1.0154896017411374e-06,1015.4896240234375,304.6468811035156,-1.1829798474138897e-08,-7.614372243835987e-09,1.4068502807162986e-08,-2.5696871280670166,-147.2322235107422,1.9792277418334374e-16,-157.03504943847656
65,9.739708275446901e-07,973.9708251953125,292.1912536621094,4.319689494991508e-09,2.3600779996968413e-08,2.399284326770612e-08,1.3897684812545776,79.62786102294922,5.756565082064681e-16,-152.3983612060547
66,2.35525817515736e-06,2355.258056640625,706.5774536132812,-8.210319091261908e-10,-1.6714662987027396e-09,1.8622280384406054e-09,-2.0273828506469727,-116.16047668457031,3.4678932999680865e-18,-174.59933471679688
67,1.4607843468184e-06,1460.7843017578125,438.23529052734375,-3.753145016993642e-10,2.770456364320495e-10,4.664925112862761e-10,2.505706310272217,143.56639099121094,2.176152700865158e-19,-186.62310791015625
68,5.22591790286242e-07,522.591796875,156.7775421142578,3.085801891788975e-10,-4.6265447029014695e-10,5.561212601534749e-10,-0.982578456401825,-56.2975959777832,3.0927086276408917e-19,-185.0966033935547
69,5.227672090768465e-07,522.7672119140625,156.83016967773438,8.810971952044611e-10,-7.331343865324413e-10,1.1462191196187632e-09,-0.6939921379089355,-39.7628173828125,1.3138183081459103e-18,-178.81463623046875
70,1.1383154969735187e-06,1138.3155517578125,341.4946594238281,4.5307393947702224e-10,2.180713831734238e-09,2.227282802635955e-09,1.365946650505066,78.26297760009766,4.960788662708638e-18,-173.04449462890625
71,1.1003015742971911e-06,1100.301513671875,330.0904846191406,2.1893042934095774e-10,8.52175718879522e-10,8.798488049244213e-10,1.3193269968032837,75.59186553955078,7.741339334603083e-19,-181.11183166503906
72,9.928404551828862e-07,992.8404541015625,297.8521423339844,-1.6553036275013255e-08,-9.525130195697784e-08,9.667892442166703e-08,-1.7428606748580933,-99.85855865478516,9.346814602406283e-15,-140.29336547851562
73,1.4607841194447246e-06,1460.7841796875,438.2352294921875,-3.753393984506914e-10,2.771858020889084e-10,4.665957620275663e-10,2.5054962635040283,143.55435180664062,2.177116107784841e-19,-186.62118530273438
74,1.0779034482766292e-06,1077.9034423828125,323.37103271484375,1.0219041168824106e-09,7.1191417205795915e-09,7.192110906828475e-09,1.4282270669937134,81.83137512207031,5.1726459130415354e-17,-162.8628692626953
75,1.9086191969108768e-06,1908.619140625,572.5857543945312,-2.0961969660060475e-10,-1.1414502676387883e-10,2.3868285126127375e-10,-2.642955780029297,-151.43020629882812,5.69695055995697e-20,-192.44357299804688
76,1.413341465195117e-06,1413.3414306640625,424.00244140625,-1.9306267695640145e-09,1.093007462316109e-09,2.2185546733055617e-09,2.626441478729248,150.4840087890625,4.9219847929931626e-18,-173.07859802246094
77,1.1003015742971911e-06,1100.301513671875,330.0904846191406,2.1891050083766572e-10,8.521901517788422e-10,8.798577977309208e-10,1.3193531036376953,75.5933609008789,7.741497532895234e-19,-181.11175537109375
78,1.0552920457485016e-06,1055.2919921875,316.5876159667969,7.143551083999e-09,3.8391625878375635e-08,3.9050569000664836e-08,1.3868296146392822,79.45948028564453,1.5249469786224519e-15,-148.16744995117188
79,1.1181117542946595e-06,1118.1116943359375,335.43353271484375,1.3952482225132457e-10,6.274924468918641e-10,6.428171883676725e-10,1.352002739906311,77.46405029296875,4.132139390978022e-19,-183.8382568359375
80,3.0145104119583266e-06,3014.510498046875,904.3531494140625,2.2986175463035607e-10,3.639632345509014e-11,2.3272542226671078e-10,0.15703633427619934,8.997518539428711,5.416112079120133e-20,-192.66311645507812
81,1.0552920457485016e-06,1055.2919921875,316.5876159667969,2.8481805802726967e-10,1.5305282596855818e-09,1.5568036859647805e-09,1.3868095874786377,79.45832824707031,2.423637747214299e-18,-176.1553192138672
82,1.1383156106603565e-06,1138.3155517578125,341.49468994140625,4.5294418216101917e-10,2.180737146417755e-09,2.227279249922276e-09,1.366005778312683,78.26636505126953,4.960772946276999e-18,-173.0445098876953
83,1.6232237385338522e-06,1623.2237548828125,486.9671325683594,4.7297703531512525e-09,1.1353524342894161e-08,1.2299318896680234e-08,1.1760700941085815,67.38385009765625,1.51273241941591e-16,-158.20237731933594
84,2.2825540781923337e-06,2282.55419921875,684.7662353515625,-3.591413000325616e-10,6.525760487541277e-10,7.448744954174913e-10,2.0739035606384277,118.82591247558594,5.548380133148437e-19,-182.558349609375
85,1.6990185258691781e-06,1699.0185546875,509.70556640625,1.9679620433254996e-10,-1.92134516630027e-10,2.750353000902095e-10,-0.773412823677063,-44.313289642333984,7.564441332235848e-20,-191.2122344970703
86,9.912271252687788e-07,991.2271118164062,297.3681335449219,1.709427088769644e-08,1.7938198482170264e-08,2.4778881169140732e-08,0.8094833493232727,46.37997817993164,6.139929547014018e-16,-152.1183624267578
87,1.0363545470681856e-06,1036.3544921875,310.9063720703125,-1.8651318711704334e-08,1.7128465756854894e-08,2.532303255975421e-08,2.398730754852295,137.4371337890625,6.412559806582023e-16,-151.9296875
88,1.0565106549620396e-06,1056.5106201171875,316.95318603515625,-4.086641788858536e-11,-2.845716162713785e-10,2.874910032257816e-10,-1.7134279012680054,-98.17218017578125,8.265107901273158e-20,-190.8275146484375
89,1.624508968234295e-06,1624.5089111328125,487.3526916503906,-7.945514801654951e-10,-2.0692010327394428e-09,2.216507422048153e-09,-1.9374247789382935,-111.00625610351562,4.912905244999474e-18,-173.0866241455078
90,1.7536215182190062e-06,1753.6214599609375,526.08642578125,-3.670185336202003e-11,-9.068133743905804e-11,9.782704507577122e-11,-1.9553773403167725,-112.03486633300781,9.57013072041761e-21,-200.19082641601562
91,1.7000647858367302e-06,1700.0648193359375,510.0194396972656,-7.375663274578059e-11,-1.818553363452935e-10,1.962432438773476e-10,-1.9561024904251099,-112.07640838623047,3.85114096701493e-20,-194.14410400390625
92,1.0552919320616638e-06,1055.2919921875,316.58758544921875,2.848330460381021e-10,1.530496396284775e-09,1.5567751532330476e-09,1.3867963552474976,79.45757293701172,2.4235488252984497e-18,-176.15548706054688
93,1.0552920457485016e-06,1055.2919921875,316.5876159667969,1.5585934320938577e-08,-1.0276652417928744e-08,1.866898280411533e-08,-0.5829230546951294,-33.39902877807617,3.485309232077727e-16,-154.5775909423828
94,1.1003015742971911e-06,1100.301513671875,330.0904846191406,2.1893716006804453e-10,8.52180992438889e-10,8.79855688307174e-10,1.3193211555480957,75.5915298461914,7.741460309767669e-19,-181.1117706298828
95,1.0552920457485016e-06,1055.2919921875,316.5876159667969,2.8482124991846547e-10,1.5305305911539335e-09,1.5568065725446445e-09,1.3868077993392944,79.4582290649414,2.423646639405884e-18,-176.15530395507812
96,1.054025915436796e-06,1054.02587890625,316.207763671875,1.80881389866272e-08,6.957137799190605e-08,7.188433670535233e-08,1.3164339065551758,75.42610168457031,5.167357952526276e-15,-142.8673095703125
97,1.7523028645882732e-06,1752.3028564453125,525.6908569335938,-2.2709427394129733e-10,-4.951715704137882e-10,5.447630124777447e-10,-2.00079345703125,-114.63701629638672,2.9676673533564304e-19,-185.27584838867188
98,1.6974778418443748e-06,1697.477783203125,509.24334716796875,-1.3388331865371583e-07,-1.354578760270897e-08,1.3456683234380762e-07,-3.040759801864624,-174.22268676757812,1.8108232876503857e-14,-137.42123413085938
99,1.697477728157537e-06,1697.477783203125,509.2433166503906,-2.6051435497720377e-07,-2.6357092508533242e-08,2.6184429202658066e-07,-3.040762424468994,-174.22283935546875,6.856243139419585e-14,-131.63912963867188
100,1.697477728157537e-06,1697.477783203125,509.2433166503906,-1.1940820776601413e-08,-1.2081051714574187e-09,1.2001780014259111e-08,-3.0407614707946777,-174.22279357910156,1.4404271724092208e-16,-158.4150848388672
101,1.6475021311634919e-06,1647.5020751953125,494.2506408691406,-2.200797410978339e-07,-6.2445812964995184e-09,2.2016831735527376e-07,-3.1132261753082275,-178.3747100830078,4.8474089596895614e-14,-133.1448974609375
102,1.697477728157537e-06,1697.477783203125,509.2433166503906,-1.1940812782995636e-08,-1.2081187161783191e-09,1.2001773797010173e-08,-3.0407602787017822,-174.22271728515625,1.4404257165713427e-16,-158.4150848388672
103,1.0540260291236336e-06,1054.0260009765625,316.2077941894531,2.1304265018784463e-09,8.194600553679265e-09,8.467006651358133e-09,1.3164476156234741,75.42688751220703,7.169020182530911e-17,-161.44540405273438
104,1.697477728157537e-06,1697.477783203125,509.2433166503906,-1.1940810118460377e-08,-1.2081003974984128e-09,1.2001768467939655e-08,-3.040761709213257,-174.22280883789062,1.4404245254312606e-16,-158.41510009765625
105,1.0990071359628928e-06,1099.007080078125,329.7021484375,1.4774241829940138e-09,4.616217186281801e-09,4.846879786413183e-09,1.2610472440719604,72.25267791748047,2.3492243725138756e-17,-166.29075622558594
106,4.822875325771747e-07,482.28753662109375,144.68626403808594,-6.711432298800446e-09,1.0524725091443088e-08,1.2482514577527581e-08,2.1384634971618652,122.5249252319336,1.5581316648530664e-16,-158.07395935058594
107,1.0540260291236336e-06,1054.0260009765625,316.2077941894531,2.1303760977531283e-09,8.194386502680118e-09,8.466786383110048e-09,1.3164470195770264,75.4268569946289,7.168646958638527e-17,-161.4456329345703
108,4.832955369238334e-07,483.2955322265625,144.98866271972656,-6.661836082777484e-10,-7.357943698771408e-10,9.925693600365548e-10,-2.3065834045410156,-132.15748596191406,9.85193926439312e-19,-180.0647735595703
109,1.054025915436796e-06,1054.02587890625,316.207763671875,2.1303523389804013e-09,8.194368739111724e-09,8.466763290471135e-09,1.3164492845535278,75.42698669433594,7.168607915713615e-17,-161.44564819335938
110,1.9411061202845303e-06,1941.1060791015625,582.3318481445312,1.3568720369505627e-08,7.245428146340771e-10,1.35880515728104e-08,0.053347356617450714,3.0565781593322754,1.8463514334663892e-16,-157.33685302734375
111,1.7523030919619487e-06,1752.3031005859375,525.69091796875,-2.2710514024915085e-10,-4.951706822353685e-10,5.44766676213726e-10,-2.00081205368042,-114.63807678222656,2.967707419917351e-19,-185.27578735351562
112,1.6231930430876673e-06,1623.1929931640625,486.9579162597656,-3.2835918428730793e-09,5.2932409566608385e-09,6.228994653412201e-09,2.126035213470459,121.81283569335938,3.880037570456766e-17,-164.11163330078125
113,1.623193156774505e-06,1623.193115234375,486.95794677734375,-4.955160726183294e-09,-1.1291149348835461e-08,1.2330598764265233e-08,-1.9843422174453735,-113.69442749023438,1.52043671346678e-16,-158.18031311035156
114,1.0375952115282416e-06,1037.59521484375,311.278564453125,8.693202407927814e-11,3.9174410937370396e-10,4.0127376421672523e-10,1.3524247407913208,77.48822784423828,1.6102063240079747e-19,-187.93118286132812
115,1.1002559858752647e-06,1100.2559814453125,330.0767822265625,-2.4351332061911535e-10,-8.493045156043877e-10,8.835253084704675e-10,-1.850026249885559,-105.99868774414062,7.806169615111926e-19,-181.0756072998047
116,1.7510127463538083e-06,1751.0126953125,525.3038330078125,-5.903015409813861e-09,-9.175445958575779e-10,5.973900041311708e-09,-2.9873900413513184,-171.16482543945312,3.56874833012938e-17,-164.474853515625
117,4.7278399506467395e-07,472.78399658203125,141.835205078125,-2.538161503196079e-08,1.3662091902233442e-08,2.8824974407370973e-08,2.6478018760681152,151.70787048339844,8.308791289776544e-16,-150.80462646484375
118,1.8506578953747521e-06,1850.6578369140625,555.1973876953125,-3.535024575285206e-07,-2.787515462898682e-08,3.545997913079191e-07,-3.062901258468628,-175.49130249023438,1.2574101102783702e-13,-129.00523376464844
119,1.9411061202845303e-06,1941.1060791015625,582.3318481445312,2.8315056965766416e-09,1.512130559655489e-10,2.8355402470481295e-09,0.05335307866334915,3.05690598487854,8.040288198244035e-18,-170.94728088378906
120,1.100255872188427e-06,1100.255859375,330.0767517089844,-3.054376751521204e-10,3.105830592708969e-10,4.356076332978631e-10,2.347842216491699,134.5214385986328,1.897540046734428e-19,-187.2180938720703
121,1.697477728157537e-06,1697.477783203125,509.2433166503906,-1.194083143474245e-08,-1.2081259326279792e-09,1.2001792448756987e-08,-3.040759801864624,-174.22268676757812,1.440430216433875e-16,-158.4150848388672
122,2.4111366201395867e-06,2411.13671875,723.3410034179688,7.597759643651614e-10,1.2615987421416008e-10,7.701790871728065e-10,0.16454742848873138,9.427872657775879,5.931758184539335e-19,-182.26815795898438
123,1.9205913304176647e-06,1920.59130859375,576.1774291992188,1.3439031221196274e-08,-2.7354046805427856e-10,1.3441813884185194e-08,-0.020351368933916092,-1.16604745388031,1.8068235821915832e-16,-157.43084716796875
124,1.6987565913950675e-06,1698.756591796875,509.6269836425781,-4.597308644882503e-10,-9.853289295591594e-10,1.0873020261925603e-09,-2.0073490142822266,-115.01261901855469,1.1822256600124524e-18,-179.2729949951172
125,1.6219076997003867e-06,1621.90771484375,486.5722961425781,2.9248189648001244e-08,6.18571718291605e-08,6.842343935886674e-08,1.1291165351867676,64.69361114501953,4.681767092876068e-15,-143.2958984375
126,5.22671427916066e-07,522.6714477539062,156.80142211914062,-1.361992074677687e-09,1.2746046440526015e-09,1.865378962406794e-09,2.389326333999634,136.89830017089844,3.47963864428088e-18,-174.58465576171875
127,1.6987567050819052e-06,1698.7567138671875,509.62701416015625,-5.156326920996435e-09,-1.1051772830228401e-08,1.2195466858599957e-08,-2.0073366165161133,-115.01190948486328,1.4872941671252913e-16,-158.27603149414062
128,1.0363543196945102e-06,1036.3543701171875,310.90631103515625,-5.420999760197276e-10,-2.12771977814441e-09,2.1956920726040607e-09,-1.8202685117721558,-104.293701171875,4.821063795178018e-18,-173.16856384277344
129,9.912273526424542e-07,991.2273559570312,297.3681945800781,5.478763398514275e-08,5.7486136739726135e-08,7.941247304188437e-08,0.8094285130500793,46.376834869384766,6.306340710326031e-15,-142.00222778320312
130,1.0759671340565546e-06,1075.9671630859375,322.7901306152344,1.296557861074632e-09,1.376383673701298e-09,1.890897660672408e-09,0.815253734588623,46.710594177246094,3.57549398802475e-18,-174.46664428710938
131,1.0759671340565546e-06,1075.9671630859375,322.7901306152344,1.296569851483298e-09,1.3763842288128103e-09,1.8909063204120002e-09,0.8152492642402649,46.7103385925293,3.575526661658946e-18,-174.46658325195312
132,1.1395212595743942e-06,1139.521240234375,341.85638427734375,-6.422232190494981e-11,-4.0922884525507186e-10,4.1423758867509264e-10,-1.72646164894104,-98.91896057128906,1.7159277611104944e-19,-187.65501403808594
133,1.6340733282049769e-06,1634.0733642578125,490.22198486328125,-2.4343089322087508e-08,-5.264713820452016e-08,5.8002648017918546e-08,-2.003899097442627,-114.81495666503906,3.364307081551543e-15,-144.73104858398438
134,1.6340733282049769e-06,1634.0733642578125,490.22198486328125,-2.4343071558519114e-08,-5.264728741849467e-08,5.800277591561098e-08,-2.0038979053497314,-114.81488800048828,3.3643221163863566e-15,-144.73101806640625
135,1.9079927824350307e-06,1907.9927978515625,572.3978271484375,5.205479602921059e-09,6.219470494173152e-10,5.242502876257049e-09,0.11891558766365051,6.813360691070557,2.7483836858237893e-17,-165.60922241210938
136,1.0535595720284618e-06,1053.5595703125,316.06787109375,7.85965459382254e-10,9.350891172488218e-10,1.2215291000927664e-09,0.8718290328979492,49.95212173461914,1.4921333226012367e-18,-178.26193237304688
137,9.924322057486279e-07,992.4321899414062,297.72967529296875,-3.327797815089184e-09,6.1077205515402966e-09,6.955464204594364e-09,2.0696778297424316,118.58380126953125,4.8378481997053926e-17,-163.15347290039062
138,1.3682818007509923e-06,1368.2818603515625,410.4845275878906,-1.3924230657380576e-08,6.2571539061195836e-09,1.5265522179674917e-08,2.719261407852173,155.8022003173828,2.3303615443485634e-16,-156.32577514648438
139,1.0375953252150794e-06,1037.5953369140625,311.2785949707031,2.0443582382512204e-09,9.212238971656461e-09,9.436352144120974e-09,1.3524177074432373,77.48782348632812,8.904474224424725e-17,-160.50392150878906
140,1.414250505149539e-06,1414.25048828125,424.275146484375,4.309726464590824e-10,-2.5024121663719257e-10,4.983553569815058e-10,-0.5260647535324097,-30.14128875732422,2.483580579375085e-19,-186.04920959472656
141,1.0565106549620396e-06,1056.5106201171875,316.95318603515625,-3.476154641912643e-10,-2.420831535232537e-09,2.4456616731782788e-09,-1.7134147882461548,-98.17143249511719,5.9812611184903e-18,-172.23207092285156
142,1.3684104942512931e-06,1368.4105224609375,410.5231628417969,-1.2323269515945867e-08,8.929223582754275e-09,1.521821246797117e-08,2.5145583152770996,144.07357788085938,2.315940014328171e-16,-156.35272216796875
143,1.0363543196945102e-06,1036.3543701171875,310.90631103515625,-1.865124765743076e-08,1.712859365454733e-08,2.5323068086891e-08,2.3987250328063965,137.4368133544922,6.412577806032152e-16,-151.92967224121094
144,1.1168830269525643e-06,1116.883056640625,335.0649108886719,-8.943794593818666e-10,-3.3767348917024265e-09,3.493172195945249e-09,-1.8297160863876343,-104.83500671386719,1.2202251586207656e-17,-169.13560485839844
145,1.6353487808373757e-06,1635.3487548828125,490.6046447753906,2.0456143445812813e-09,4.846840706562716e-09,5.260836655196499e-09,1.1714260578155518,67.11776733398438,2.7676402850479013e-17,-165.5789031982422
146,4.833991624764167e-07,483.399169921875,145.01974487304688,6.096583238246467e-10,7.665609258467043e-10,9.794380861904983e-10,0.8989179134368896,51.50419998168945,9.59298933965763e-19,-180.18045043945312
147,5.217394800638431e-07,521.739501953125,156.5218505859375,-3.77355036107474e-10,-3.144040361391376e-09,3.1666047561884625e-09,-1.6902471780776978,-96.84402465820312,1.0027385306291383e-17,-169.9881134033203
148,1.46072397910757e-06,1460.7239990234375,438.2171936035156,-4.027841116194253e-10,1.757231027355033e-10,4.394469510504706e-10,2.7302141189575195,156.4297332763672,1.9311362458072105e-19,-187.14187622070312
149,4.7372432732117886e-07,473.7243347167969,142.11729431152344,-9.983509574595928e-10,1.7398927854017643e-09,2.005974053531645e-09,2.091728448867798,119.84720611572266,4.023931759146898e-18,-173.9534912109375
150,4.833991624764167e-07,483.399169921875,145.01974487304688,-1.4702188355641965e-09,1.9489752034473895e-09,2.4413209231965993e-09,2.217078685760498,127.02924346923828,5.960047658091072e-18,-172.24749755859375
151,1.0759671340565546e-06,1075.9671630859375,322.7901306152344,1.2965597484537739e-09,1.37634093011485e-09,1.8908679066953482e-09,0.8152374625205994,46.70966339111328,3.575381491461443e-18,-174.46678161621094
152,1.0363543196945102e-06,1036.3543701171875,310.90631103515625,-5.421071924693877e-10,-2.1276946871040536e-09,2.1956696460989633e-09,-1.8202744722366333,-104.29403686523438,4.820965360685124e-18,-173.1686553955078
153,1.1168829132657265e-06,1116.8829345703125,335.06488037109375,-8.943966678387483e-10,-3.376777524266572e-09,3.4932179371338634e-09,-1.8297176361083984,-104.83509063720703,1.2202571705104714e-17,-169.135498046875
154,1.0363543196945102e-06,1036.3543701171875,310.90631103515625,-5.421184612330876e-10,-2.127708009780349e-09,2.195685189221308e-09,-1.8202779293060303,-104.29423522949219,4.82103360308566e-18,-173.16860961914062
155,2.3468337531085126e-06,2346.833740234375,704.0501098632812,7.50335210630837e-11,1.5385179241711455e-10,1.7117361694740652e-10,1.117037057876587,64.00150299072266,2.9300407813724685e-20,-195.33126831054688
156,1.1168829132657265e-06,1116.8829345703125,335.06488037109375,-8.943890628110296e-10,-3.376766199991721e-09,3.4932050585467778e-09,-1.8297163248062134,-104.83501434326172,1.2202481542417946e-17,-169.13551330566406
157,1.076710645975254e-06,1076.710693359375,323.01318359375,-7.377574551270527e-09,-3.772955992076277e-08,3.844409235398416e-08,-1.7638981342315674,-101.06391143798828,1.4779481908737445e-15,-148.30340576171875
158,1.0363542060076725e-06,1036.354248046875,310.90625,-7.929338297074651e-10,7.281656944080339e-10,1.0765542901580716e-09,2.3987486362457275,137.43817138671875,1.1589691668977944e-18,-179.35928344726562
159,1.3674066394742113e-06,1367.4066162109375,410.22198486328125,3.819219163148091e-09,-1.5793649721373981e-09,4.132895803365955e-09,-0.3921162188053131,-22.466602325439453,1.7080828008605568e-17,-167.67489624023438
160,1.7635692302064854e-06,1763.5692138671875,529.0707397460938,1.8313735250519159e-10,4.0876210749551944e-10,4.479126791689936e-10,1.1495825052261353,65.86621856689453,2.0062576871119794e-19,-186.97613525390625
161,1.7129239040514221e-06,1712.9239501953125,513.877197265625,3.414208915586414e-10,7.414615588174911e-10,8.162924780563685e-10,1.1392695903778076,65.27533721923828,6.663334295869249e-19,-181.76307678222656
162,1.4607240927944076e-06,1460.72412109375,438.21722412109375,-4.027581601562247e-10,1.754920653240788e-10,4.3933087723324604e-10,2.7306723594665527,156.45599365234375,1.930116228714356e-19,-187.1441650390625
163,1.0767105322884163e-06,1076.7105712890625,323.0131530761719,-7.3772059572263515e-09,-3.7729659396745774e-08,3.844411722297991e-08,-1.7638882398605347,-101.06334686279297,1.4779500966978758e-15,-148.30340576171875
164,1.6353488945242134e-06,1635.348876953125,490.60467529296875,2.0455490634674334e-09,4.846935741653624e-09,5.260899271775088e-09,1.1714445352554321,67.11882781982422,2.7677061286246605e-17,-165.57879638671875
165,1.367406753161049e-06,1367.40673828125,410.2220153808594,6.043993749926813e-08,-2.499782247866733e-08,6.54054801429993e-08,-0.3921733498573303,-22.469877243041992,4.2778767961532734e-15,-143.68771362304688
166,1.1181118679814972e-06,1118.11181640625,335.4335632324219,1.3952265731642655e-10,6.274922803584104e-10,6.42816577745009e-10,1.352005958557129,77.4642333984375,4.1321316361597794e-19,-183.8382568359375
167,1.3682818007509923e-06,1368.2818603515625,410.4845275878906,-8.819982522112468e-10,3.963109562743483e-10,9.669453016059038e-10,2.7192935943603516,155.8040313720703,9.349832360767307e-19,-180.29196166992188
168,1.1181117542946595e-06,1118.1116943359375,335.43353271484375,1.3949653931977224e-10,6.27496499205904e-10,6.428149679216233e-10,1.352047085762024,77.46659088134766,4.1321109566444656e-19,-183.83827209472656
169,1.6883750504348427e-06,1688.375,506.51251220703125,6.491433779398648e-11,-1.0261494431951235e-10,1.2142363503553355e-10,-1.0067496299743652,-57.68250274658203,1.4743699549887843e-20,-198.31393432617188
170,9.924322057486279e-07,992.4321899414062,297.72967529296875,-1.0400487138184644e-09,1.908601277023081e-09,2.1735822031132557e-09,2.0697364807128906,118.587158203125,4.724459439389481e-18,-173.2564697265625
171,1.688374936748005e-06,1688.3748779296875,506.5124816894531,1.9348880275771307e-09,4.587088486829316e-09,4.978470968808324e-09,1.1716291904449463,67.12940216064453,2.478517334467344e-17,-166.05807495117188
172,1.6883747093743295e-06,1688.374755859375,506.5124206542969,1.934843396611541e-09,4.587093815899834e-09,4.978458534310448e-09,1.1716378927230835,67.1299057006836,2.4785049267581558e-17,-166.05810546875
173,1.909130787680624e-06,1909.1307373046875,572.7392578125,-9.423650054740662e-11,4.2095343877335267e-10,4.31372576548128e-10,1.7910295724868774,102.6184310913086,1.8608230503068475e-19,-187.30294799804688
174,1.0779034482766292e-06,1077.9034423828125,323.37103271484375,4.1132139361188536e-10,-1.8959277203745017e-10,4.5291356776111513e-10,-0.4319108724594116,-24.746667861938477,2.051306977247383e-19,-186.87969970703125
175,4.30943060791833e-07,430.94305419921875,129.2829132080078,1.4057771613451564e-09,-1.139606187194886e-09,1.809671634767085e-09,-0.6812067031860352,-39.03026580810547,3.2749114426740057e-18,-174.84800720214844
176,3.0737237466382794e-06,3073.7236328125,922.1171264648438,1.0528268534759633e-10,2.0876413445169995e-11,1.0733251093464347e-10,0.19574996829032898,11.215646743774414,1.1520267983441759e-20,-199.3853759765625
177,1.0180690424022032e-06,1018.0690307617188,305.42071533203125,-1.234510965675284e-10,-2.961190848083106e-09,2.9637632348311627e-09,-1.612461805343628,-92.38725280761719,8.78389213606593e-18,-170.56312561035156
178,5.22671427916066e-07,522.6714477539062,156.80142211914062,8.848361626734302e-11,6.576243438694007e-10,6.635503813079424e-10,1.437049150466919,82.33684539794922,4.402990893764503e-19,-183.56253051757812
179,1.1181117542946595e-06,1118.1116943359375,335.43353271484375,2.467993864829765e-10,-1.872921262524585e-10,3.098197531858915e-10,-0.6491627097129822,-37.19428253173828,9.598828071559517e-20,-190.17782592773438
180,5.224959522820427e-07,522.4959716796875,156.748779296875,-2.8438348897985577e-10,4.85590789800483e-10,5.627364685345526e-10,2.100593090057373,120.35511016845703,3.1667234563824295e-19,-184.993896484375
181,2.3468337531085126e-06,2346.833740234375,704.0501098632812,7.503461046942661e-11,1.5385143159463155e-10,1.711737557252846e-10,1.117030382156372,64.0011215209961,2.9300453050164434e-20,-195.3312530517578
182,1.0363543196945102e-06,1036.3543701171875,310.90631103515625,-1.2752362721357713e-08,-5.0048591049289826e-08,5.164769234511368e-08,-1.8202871084213257,-104.29476165771484,2.6674842043062415e-15,-145.73898315429688
183,1.0764175613076077e-06,1076.4176025390625,322.9252624511719,-6.762973514540249e-10,-5.149664028536449e-10,8.500402604028068e-10,-2.4908039569854736,-142.71253967285156,7.225684246519417e-19,-181.4112091064453
184,2.364181682423805e-06,2364.181640625,709.2545166015625,-1.5789565210866385e-08,-1.3586132219245428e-09,1.5847907874899647e-08,-3.0557589530944824,-175.0820770263672,2.5115617441009595e-16,-156.00054931640625
185,1.36828191443783e-06,1368.2818603515625,410.4845886230469,-8.819918684288552e-10,3.9628406112157677e-10,9.66928537238232e-10,2.719316244125366,155.80532836914062,9.34950769237688e-19,-180.2921142578125
186,2.2885958514962113e-06,2288.595947265625,686.5787353515625,4.865141889354163e-08,5.466891384031669e-09,4.895760952194905e-08,0.11189919710159302,6.411351203918457,2.396847436779599e-15,-146.20359802246094
187,1.8848054423870053e-06,1884.805419921875,565.441650390625,1.903409128090061e-07,6.086842141428406e-09,1.904382145312411e-07,0.03196774050593376,1.8316165208816528,3.626671513557063e-14,-134.40492248535156
188,5.227672090768465e-07,522.7672119140625,156.83016967773438,8.811133489494694e-10,-7.33113181272671e-10,1.1462180093957386e-09,-0.6939688920974731,-39.7614860534668,1.313815723206496e-18,-178.81466674804688
189,1.0767105322884163e-06,1076.7105712890625,323.0131530761719,-1.0015750451231042e-09,-5.122051671690997e-09,5.219058518690645e-09,-1.7639014720916748,-101.06410217285156,2.723857118917102e-17,-165.64816284179688
190,1.0552921594353393e-06,1055.2921142578125,316.587646484375,2.420441402861684e-09,1.3006987487074184e-08,1.3230278206322055e-08,1.3868129253387451,79.45852661132812,1.7504025852260762e-16,-157.56861877441406
191,9.928404551828862e-07,992.8404541015625,297.8521423339844,-1.6554006165847568e-08,-9.525100352902882e-08,9.667878941854724e-08,-1.7428710460662842,-99.85914611816406,9.346788344384918e-15,-140.2933807373047
192,5.224230790190632e-07,522.423095703125,156.7269287109375,3.210490484573114e-10,-5.916425127594493e-10,6.73136990592127e-10,-1.073621153831482,-61.51395797729492,4.531134095346038e-19,-183.4379425048828
193,5.227671522334276e-07,522.7671508789062,156.83013916015625,1.4165663086984637e-09,-1.1797278709479997e-09,1.8434798132460628e-09,-0.6944282054901123,-39.787803649902344,3.3984177799342983e-18,-174.68722534179688
194,1.1003014606103534e-06,1100.301513671875,330.0904235839844,3.1273336698056653e-10,-3.0071295453737434e-10,4.338553405425216e-10,-0.7658057808876038,-43.877437591552734,1.8823045430739375e-19,-187.2530975341797
195,1.6500607671332546e-06,1650.060791015625,495.0182189941406,-1.3611421989523365e-09,-3.327904174454943e-09,3.5955045607494185e-09,-1.9590446949005127,-112.24498748779297,1.2927653414650322e-17,-168.8848114013672
196,4.745649562210019e-07,474.56494140625,142.36949157714844,2.0197506167551893e-10,-3.9594144629617745e-10,4.4448120184448214e-10,-1.0990906953811646,-62.9732551574707,1.9756353315882956e-19,-187.0429229736328
197,1.0552920457485016e-06,1055.2919921875,316.5876159667969,2.8481697555982066e-10,1.5305896550188436e-09,1.5568639710750176e-09,1.386817455291748,79.45878601074219,2.4238255172133487e-18,-176.15499877929688
198,1.6987859225991997e-06,1698.785888671875,509.6357727050781,9.61798551912807e-09,2.1618712153781416e-08,2.3661664627638856e-08,1.1521985530853271,66.01611328125,5.598743785749892e-16,-152.5190887451172
199,1.6232237385338522e-06,1623.2237548828125,486.9671325683594,3.374651003085205e-09,-5.217371867871634e-09,6.2136331635542774e-09,-0.9966665506362915,-57.10478210449219,3.8609237426063804e-17,-164.13308715820312
200,1.4142503914627014e-06,1414.2503662109375,424.2751159667969,4.348531534859035e-10,-2.524716269380889e-10,5.028311655941309e-10,-0.5260255932807922,-30.1390438079834,2.528391796590438e-19,-185.9715576171875
201,1.7536215182190062e-06,1753.6214599609375,526.08642578125,-3.670159662294559e-11,-9.06812541723312e-11,9.782687160342363e-11,-1.9553751945495605,-112.03473663330078,9.570096793087798e-21,-200.19082641601562
202,5.661686373059638e-07,566.1686401367188,169.8505859375,-2.1662351912254962e-09,1.153159123745695e-09,2.4540478538170873e-09,2.652414321899414,151.97213745117188,6.022350901828566e-18,-172.20233154296875
203,1.6245086271737819e-06,1624.5086669921875,487.35260009765625,-6.34145125300023e-10,9.228772746006086e-10,1.119751069644792e-09,2.1728386878967285,124.49447631835938,1.2538424404594107e-18,-179.01756286621094
204,1.3684106079381309e-06,1368.41064453125,410.523193359375,-6.758461151834538e-11,3.0283586749391134e-10,3.102857415449023e-10,1.7903705835342407,102.58067321777344,9.627724463036321e-20,-190.16476440429688
205,1.414250505149539e-06,1414.25048828125,424.275146484375,4.3485845480084606e-10,-2.5248661494892133e-10,5.028432670250993e-10,-0.5260460376739502,-30.140216827392578,2.528513547236848e-19,-185.9713592529297
206,1.0764175613076077e-06,1076.4176025390625,322.9252624511719,-6.762834181550659e-10,-5.149676796101232e-10,8.500300463509802e-10,-2.490792751312256,-142.71189880371094,7.225511055578663e-19,-181.41131591796875
207,1.0536070931266295e-06,1053.6070556640625,316.0821228027344,-6.372210759053587e-09,-8.039489074462836e-09,1.0258579763444686e-08,-2.2410173416137695,-128.4008331298828,1.0523845709619787e-16,-159.77825927734375
208,1.6232237385338522e-06,1623.2237548828125,486.9671325683594,4.729966640582006e-09,1.1353463058583202e-08,1.2299337548427047e-08,1.1760534048080444,67.38289642333984,1.5127370516273403e-16,-158.20236206054688
209,5.22671427916066e-07,522.6714477539062,156.80142211914062,5.489310048178986e-11,4.0866851569454354e-10,4.12338718724925e-10,1.4372737407684326,82.34971618652344,1.7002321382342714e-19,-187.69491577148438
210,9.940470135916257e-07,994.0469970703125,298.214111328125,2.364048290459664e-09,-1.266815430334134e-09,2.6820785592462926e-09,-0.4919278025627136,-28.18538475036621,7.19354559138474e-18,-171.43057250976562
211,3.0737237466382794e-06,3073.7236328125,922.1171264648438,1.0528271310317194e-10,2.08764203840639e-11,1.0733253869021908e-10,0.19574998319149017,11.21564769744873,1.1520273637996728e-20,-199.3853759765625
212,1.0565106549620396e-06,1056.5106201171875,316.95318603515625,-1.0014077345132932e-09,6.036040001156096e-10,1.1692541379559884e-09,2.599149465560913,148.9202880859375,1.3671552242360592e-18,-178.64181518554688
213,1.101550424209563e-06,1101.5504150390625,330.4651184082031,-5.861740953738703e-11,5.3089959511920526e-11,7.908568244729963e-11,2.4056358337402344,137.83277893066406,6.254545256060723e-21,-202.0380401611328
214,5.225918471296609e-07,522.5918579101562,156.77755737304688,1.893488144055766e-10,-2.8403593366199686e-10,3.413639926286294e-10,-0.982814371585846,-56.31111145019531,1.1652937898613748e-19,-189.3356475830078
215,1.1003014606103534e-06,1100.301513671875,330.0904235839844,2.189438491617679e-10,8.521836014629969e-10,8.798599071546676e-10,1.3193144798278809,75.59114837646484,7.741534756022799e-19,-181.1117401123047
216,5.227672659202653e-07,522.7672729492188,156.83018493652344,1.4176964047152296e-09,-1.1797082200004638e-09,1.8443357951980488e-09,-0.6940279006958008,-39.76486587524414,3.4015745079469537e-18,-174.68321228027344
217,1.4174556781654246e-06,1417.4556884765625,425.2366943359375,2.921673458722296e-10,-2.4431195955187945e-10,3.808544313255169e-10,-0.6964309215545654,-39.902549743652344,1.4505010121787131e-19,-188.38482666015625
218,1.852936293289531e-06,1852.936279296875,555.880859375,1.737296195791771e-09,-5.314630513453267e-09,5.591376694979999e-09,-1.2548565864562988,-71.89797973632812,3.1263493083511144e-17,-165.04962158203125
219,1.1383156106603565e-06,1138.3155517578125,341.49468994140625,4.5302231410637717e-10,2.180713609689633e-09,2.2272721444949184e-09,1.3659693002700806,78.26427459716797,4.960741099823416e-18,-173.04452514648438
220,1.1003014606103534e-06,1100.301513671875,330.0904235839844,2.1893253876470453e-10,8.521784389259324e-10,8.798520245711927e-10,1.3193254470825195,75.5917739868164,7.741395686282313e-19,-181.11181640625
221,1.8529360659158556e-06,1852.93603515625,555.8807983398438,-2.1785380166505774e-09,-9.01659968910451e-10,2.357757100668323e-09,-2.749175786972046,-157.5161590576172,5.559018503006482e-18,-172.55001831054688
222,1.1015503105227253e-06,1101.55029296875,330.465087890625,-5.861782587102127e-11,5.309032727329743e-11,7.908623755881194e-11,2.4056358337402344,137.83277893066406,6.2546329016627365e-21,-202.03797912597656
223,1.7000646721498924e-06,1700.064697265625,510.0194091796875,-8.27529822444717e-10,-2.040394075919494e-09,2.2018205036999916e-09,-1.956098198890686,-112.07616424560547,4.8480133395349955e-18,-173.1443634033203
224,1.0156638836633647e-06,1015.6638793945312,304.69915771484375,1.4645232582211065e-08,8.28422912491078e-08,8.412685303937906e-08,1.3958196640014648,79.97457122802734,7.077327463092314e-15,-141.5012969970703
225,5.224960091254616e-07,522.4960327148438,156.74880981445312,-2.8436622501182285e-10,4.85604945144047e-10,5.627399657370802e-10,2.1005539894104004,120.35287475585938,3.166762747461526e-19,-184.99383544921875
226,1.0375953252150794e-06,1037.5953369140625,311.2785949707031,2.0443158277316797e-09,9.21224252437014e-09,9.436346815050456e-09,1.3524221181869507,77.48807525634766,8.904464298257374e-17,-160.50392150878906
227,1.0779034482766292e-06,1077.9034423828125,323.37103271484375,4.113259177707107e-10,-1.8958719316675143e-10,4.5291537187353015e-10,-0.43189549446105957,-24.74578857421875,2.0513233916126634e-19,-186.87965393066406
228,4.2989660187231493e-07,429.8966064453125,128.96897888183594,6.580854972071393e-09,-6.000680841111716e-09,8.905942650017096e-09,-0.7393176555633545,-42.359779357910156,7.931581445631296e-17,-161.0063934326172
229,1.8859103647628217e-06,1885.910400390625,565.7731323242188,-6.213999870219311e-10,2.2480872718944056e-09,2.332388282511033e-09,1.8404754400253296,105.45146942138672,5.440035189335629e-18,-172.64398193359375
230,1.7129239040514221e-06,1712.9239501953125,513.877197265625,3.4141420246491805e-10,7.414695524232684e-10,8.162969744596182e-10,1.139281153678894,65.2760009765625,6.663407708148613e-19,-181.76303100585938
231,5.223273547017016e-07,522.3273315429688,156.69821166992188,-2.8912744420850345e-10,6.165788990486476e-10,6.810023656100839e-10,2.0092740058898926,115.12291717529297,4.637642388006248e-19,-183.33702087402344
232,1.6353487808373757e-06,1635.3487548828125,490.6046447753906,2.045683844542623e-09,4.846884671394491e-09,5.260904600845606e-09,1.171417236328125,67.11726379394531,2.767711753452826e-17,-165.5787811279297
233,1.116363705477852e-06,1116.3636474609375,334.90911865234375,-2.7663549229117734e-10,-3.903376788461088e-10,4.784252438660985e-10,-2.187342882156372,-125.32550811767578,2.2889072411259097e-19,-186.40371704101562
234,4.298966587157338e-07,429.89666748046875,128.968994140625,1.3727796499551914e-07,-1.251881371899799e-07,1.8578835181415343e-07,-0.7393682599067688,-42.36267852783203,3.451731088455201e-14,-134.61962890625
235,5.215671308178571e-07,521.567138671875,156.4701385498047,1.3674102961047652e-09,-2.3136590421302117e-09,2.6875321967878563e-09,-1.0370086431503296,-59.41621398925781,7.222829439430343e-18,-171.41293334960938
236,1.413305994901748e-06,1413.3060302734375,423.9917907714844,1.9124173356033225e-09,-1.1375187458639857e-09,2.22514917602723e-09,-0.5365921854972839,-30.74446678161621,4.9512889069637724e-18,-173.05282592773438
237,1.054025915436796e-06,1054.02587890625,316.207763671875,5.34603366020292e-08,2.0562964664350147e-07,2.1246542303288152e-07,1.316443681716919,75.42666625976562,4.5141557050536185e-14,-133.45423889160156
238,5.214015459387156e-07,521.4015502929688,156.42047119140625,5.430583094323538e-09,-1.1374472475011999e-09,5.548424830692511e-09,-0.2064674198627472,-11.829710960388184,3.078501872998597e-17,-165.11660766601562
239,1.9658493783936137e-06,1965.849365234375,589.7548217773438,2.253962572140722e-09,3.2647701209143065e-10,2.2774842012296403e-09,0.14384539425373077,8.24173355102539,5.186934465506654e-18,-172.85089111328125
240,1.413305994901748e-06,1413.3060302734375,423.9917907714844,1.9121688676904114e-09,-1.1375426156590152e-09,2.224947781570563e-09,-0.536658525466919,-30.748266220092773,4.950392656770071e-18,-173.05360412597656
241,2.2991102923697326e-06,2299.1103515625,689.7330932617188,3.763026867886765e-08,2.3353576850126956e-09,3.770266587821425e-08,0.06198112294077873,3.5512566566467285,1.421491009719522e-15,-148.47256469726562
242,3.0079329462751048e-06,3007.932861328125,902.3798828125,-2.5547997051234006e-10,-4.5648460705871585e-11,2.595260950588596e-10,-2.9647812843322754,-169.86944580078125,6.735379530024116e-20,-191.7163848876953
243,1.0779034482766292e-06,1077.9034423828125,323.37103271484375,3.0335447487317424e-09,-1.3984622349028086e-09,3.3403726451552984e-09,-0.4319632649421692,-24.749670028686523,1.1158089091272781e-17,-169.5240936279297
244,1.100255872188427e-06,1100.255859375,330.0767517089844,-2.435222579144636e-10,-8.492987979558109e-10,8.835221998459986e-10,-1.8500378131866455,-105.99935150146484,7.806114814396345e-19,-181.07565307617188
245,1.0540260291236336e-06,1054.0260009765625,316.2077941894531,2.1303341313227975e-09,8.194361633684366e-09,8.46675174415168e-09,1.316451072692871,75.42708587646484,7.168588725123403e-17,-161.44564819335938
246,1.413305994901748e-06,1413.3060302734375,423.9917907714844,1.9207906376550454e-09,-1.142572148005172e-09,2.234929130651153e-09,-0.5366201996803284,-30.746070861816406,4.994908208615225e-18,-173.01470947265625
247,1.0544005135670886e-06,1054.4005126953125,316.3201599121094,3.315820062965713e-09,-4.121557317660063e-09,5.289791715767933e-09,-0.893313467502594,-51.18309020996094,2.798189553994587e-17,-165.53123474121094
248,5.217394232204242e-07,521.7394409179688,156.52182006835938,4.056035507460365e-09,-3.73602482284241e-09,5.514463552458437e-09,-0.744352400302887,-42.64824676513672,3.0409306678319485e-17,-165.169921875
249,4.84408531065128e-07,484.4085388183594,145.3225555419922,2.974606394534618e-10,-3.8112540901025227e-10,4.834660449759554e-10,-0.9080718755722046,-52.028682708740234,2.3373942421882953e-19,-186.31268310546875
250,1.3684106079381309e-06,1368.41064453125,410.523193359375,-7.733569340473423e-10,5.604469666131706e-10,9.55082124498574e-10,2.5144853591918945,144.06939697265625,9.1218189909413e-19,-180.39918518066406
251,9.940471272784634e-07,994.047119140625,298.2141418457031,7.307687233115701e-10,5.6180473606559644e-09,5.665375280017315e-09,1.441447377204895,82.5888442993164,3.2096477195241844e-17,-164.9354248046875
252,2.2991102923697326e-06,2299.1103515625,689.7330932617188,3.763016209745729e-08,2.335350357540733e-09,3.7702559296803884e-08,0.06198110431432724,3.551255464553833,1.4214829629065231e-15,-148.4725799560547
253,1.3684106079381309e-06,1368.41064453125,410.523193359375,-1.2323164710892343e-08,8.92909302052658e-09,1.5218050819498785e-08,2.514561176300049,144.07373046875,2.3158907805381117e-16,-156.35281372070312
254,5.217395369072619e-07,521.7395629882812,156.52186584472656,4.055911162481607e-09,-3.736118525665688e-09,5.514435574838217e-09,-0.7443802356719971,-42.649845123291016,3.0408998967131615e-17,-165.16998291015625
255,4.298966587157338e-07,429.89666748046875,128.968994140625,1.3727657233175705e-07,-1.2518978564912686e-07,1.85788422868427e-07,-0.7393798828125,-42.363346099853516,3.451733798960632e-14,-134.61962890625
256,1.909130787680624e-06,1909.1307373046875,572.7392578125,-2.747136962355512e-09,1.2273999594469842e-08,1.2577673125235833e-08,1.7909849882125854,102.61587524414062,1.5819785539940311e-16,-158.00799560546875
257,1.1181117542946595e-06,1118.1116943359375,335.43353271484375,1.3951434452152967e-10,6.274872843547996e-10,6.4280986089571e-10,1.3520169258117676,77.46485900878906,4.132045299183344e-19,-183.83834838867188
258,1.6883752778085181e-06,1688.375244140625,506.5125732421875,1.3466572301723545e-09,-2.128721865446437e-09,2.5189168528783057e-09,-1.0067411661148071,-57.6820182800293,6.3449422417375085e-18,-171.97572326660156
259,4.833991624764167e-07,483.399169921875,145.01974487304688,-1.4701804218475445e-09,1.9489905245251293e-09,2.441310043010958e-09,2.217062473297119,127.02831268310547,5.959994718531868e-18,-172.24754333496094
260,1.1168830269525643e-06,1116.883056640625,335.0649108886719,-8.943485396706308e-10,-3.3767795226680164e-09,3.493207501037432e-09,-1.8297041654586792,-104.83432006835938,1.220249891321081e-17,-169.13551330566406
261,1.1168830269525643e-06,1116.883056640625,335.0649108886719,-8.944101570484975e-10,-3.3767229012937605e-09,3.49316864323157e-09,-1.8297253847122192,-104.83553314208984,1.220222677078928e-17,-169.13560485839844
262,1.0759671340565546e-06,1075.9671630859375,322.7901306152344,9.512263865474324e-09,1.009756545045093e-08,1.387241876926737e-08,0.8152366876602173,46.709617614746094,1.9244400626182532e-16,-157.15695190429688
263,1.7622871837374987e-06,1762.2872314453125,528.6861572265625,4.90037876943461e-09,6.115739026313349e-10,4.938394138065405e-09,0.12415939569473267,7.113809108734131,2.4387736221398863e-17,-166.1282958984375
264,1.6340732145181391e-06,1634.0732421875,490.2219543457031,-1.2186939457592416e-08,-2.635677098794531e-08,2.9037922288921436e-08,-2.0039005279541016,-114.81503295898438,8.432009172613627e-16,-150.74069213867188
265,2.3468337531085126e-06,2346.833740234375,704.0501098632812,1.4624570443544371e-09,2.9986177985108498e-09,3.336238840745409e-09,1.1170285940170288,64.00102233886719,1.1130489382954337e-17,-169.53485107421875
266,1.4607238654207322e-06,1460.723876953125,438.2171630859375,-8.098212656015846e-10,3.52829293559509e-10,8.833453413181758e-10,2.7307043075561523,156.45782470703125,7.802990139632426e-19,-181.077392578125
267,1.0535595720284618e-06,1053.5595703125,316.06787109375,7.859757844563831e-10,9.351042162819567e-10,1.2215473077503702e-09,0.8718304634094238,49.95220184326172,1.4921777835591615e-18,-178.2617950439453
268,4.745612898204854e-07,474.561279296875,142.36839294433594,2.045799085692579e-10,-4.052053970138303e-10,4.5392109515596246e-10,-1.1032527685165405,-63.21172332763672,2.0604435748539433e-19,-186.86038208007812
269,1.0767107596620917e-06,1076.7108154296875,323.0132141113281,-7.377765065541553e-09,-3.772976242544246e-08,3.844433038580064e-08,-1.763901948928833,-101.06413269042969,1.4779665079612289e-15,-148.30335998535156
270,1.0548243380981148e-06,1054.8243408203125,316.4472961425781,1.409643624050716e-09,-2.298357282271013e-09,2.696208589725302e-09,-1.0206354856491089,-58.47810363769531,7.269541155801825e-18,-171.38491821289062
271,1.1395212595743942e-06,1139.521240234375,341.85638427734375,-6.421577158910452e-11,-4.0923026078942826e-10,4.1423794949757564e-10,-1.7264454364776611,-98.91802978515625,1.7159307337908207e-19,-187.65501403808594
272,1.101550424209563e-06,1101.5504150390625,330.4651184082031,-3.516589450192065e-11,-1.5648700391057702e-10,1.6038959049780033e-10,-1.7918450832366943,-102.66515350341797,2.5724821065149056e-20,-195.89646911621094
273,1.0173660029977327e-06,1017.3660278320312,305.2098083496094,3.073112597729022e-10,-4.373565398729795e-10,5.345287545921451e-10,-0.9582899212837219,-54.90596389770508,2.857209790259162e-19,-185.44058227539062
274,1.65006099450693e-06,1650.06103515625,495.018310546875,-1.361158408208496e-09,-3.32789862333982e-09,3.595505670972443e-09,-1.9590494632720947,-112.2452621459961,1.2927660859275835e-17,-168.88479614257812
275,1.7635692302064854e-06,1763.5692138671875,529.0707397460938,1.8313901783972852e-10,4.0875966500486527e-10,4.479110971011835e-10,1.1495769023895264,65.86589813232422,2.0062434699452012e-19,-186.97616577148438
276,1.0771591405500658e-06,1077.1591796875,323.1477355957031,-6.615825109967943e-10,1.0043660347847094e-09,1.2026813989152174e-09,2.1532678604125977,123.37315368652344,1.4464425539007983e-18,-178.39698791503906
277,9.924322057486279e-07,992.4321899414062,297.72967529296875,-3.327803810293517e-09,6.107618855111241e-09,6.955378495376863e-09,2.069685459136963,118.58423614501953,4.837729085697185e-17,-163.15359497070312
278,2.346833980482188e-06,2346.833984375,704.0501708984375,1.4624405020313702e-09,2.9986328975439847e-09,3.336245280038952e-09,1.117035150527954,64.00139617919922,1.113053239634619e-17,-169.5348358154297
279,3.0079329462751048e-06,3007.932861328125,902.3798828125,-2.554800537790669e-10,-4.5648478053106345e-11,2.5952617832558644e-10,-2.9647812843322754,-169.86944580078125,6.735383407433237e-20,-191.7163848876953
280,5.22165464644786e-07,522.1654663085938,156.64964294433594,-2.2121908749284103e-09,6.948630559833191e-10,2.3187547437686362e-09,2.837244987487793,162.56214904785156,5.376623523577314e-18,-172.69491577148438
281,1.9758981579798274e-06,1975.898193359375,592.7694702148438,-6.435898924905814e-09,-7.756038866713055e-11,6.436366106754576e-09,-3.129542112350464,-179.30953979492188,4.142680980704398e-17,-163.8271942138672
282,1.6340733282049769e-06,1634.0733642578125,490.22198486328125,-1.2187476805536335e-08,-2.6356618221257122e-08,2.9038009330406567e-08,-2.0039196014404297,-114.81613159179688,8.432059994590462e-16,-150.74066162109375
283,1.7622871837374987e-06,1762.2872314453125,528.6861572265625,4.90037921352382e-09,6.115739581424862e-10,4.938394582154615e-09,0.12415939569473267,7.113809108734131,2.4387741184482538e-17,-166.1282958984375
284,1.0375952115282416e-06,1037.59521484375,311.278564453125,1.4889200983247974e-10,-1.2860386366941867e-10,1.9674294138294357e-10,-0.7124164700508118,-40.81845474243164,3.870778428627395e-20,-194.12200927734375
285,1.909130787680624e-06,1909.1307373046875,572.7392578125,-9.422445462758944e-11,4.209598503113199e-10,4.3137618477295803e-10,1.7909990549087524,102.61668395996094,1.8608540695798183e-19,-187.30287170410156
286,9.940471272784634e-07,994.047119140625,298.2141418457031,7.308860183741217e-10,5.618101983628776e-09,5.665444557934052e-09,1.4414280652999878,82.58773803710938,3.2097261362462544e-17,-164.93531799316406
287,2.474698703736067e-06,2474.69873046875,742.4096069335938,-8.710938637079835e-09,-4.6053119651112695e-10,8.723104016894467e-09,-3.088773727416992,-176.97369384765625,7.609254307210003e-17,-161.18658447265625
288,2.289894155182992e-06,2289.89404296875,686.96826171875,2.0416779378251704e-09,3.973983808691628e-09,4.4677728183728505e-09,1.0962005853652954,62.80766296386719,1.996099314653763e-17,-166.9981689453125
289,5.215671308178571e-07,521.567138671875,156.4701385498047,8.346389690494505e-10,-1.412069239314917e-09,1.640293123550407e-09,-1.0369651317596436,-59.41372299194336,2.690561486259648e-18,-175.7015838623047
290,1.0552444109634962e-06,1055.244384765625,316.5733337402344,-3.303844697821745e-10,-1.528279613971506e-09,1.563583262864654e-09,-1.783700704574585,-102.19851684570312,2.4447926845851897e-18,-176.11756896972656
291,1.055244524650334e-06,1055.2445068359375,316.5733642578125,-1.5345788639820057e-08,1.0772530423253102e-08,1.8749416241803374e-08,2.5295350551605225,144.93167114257812,3.5154061655782445e-16,-154.5402374267578
292,5.217394800638431e-07,521.739501953125,156.5218505859375,6.562621113204159e-09,-6.046099620959922e-09,8.923190186749252e-09,-0.7444556355476379,-42.6541633605957,7.962332050339077e-17,-160.98959350585938
293,9.928404551828862e-07,992.8404541015625,297.8521423339844,-5.225325061530839e-09,-3.006448423548136e-08,3.0515195703628706e-08,-1.742881178855896,-99.85973358154297,9.311772002345425e-16,-150.30967712402344
294,9.928404551828862e-07,992.8404541015625,297.8521423339844,-1.6552682780002215e-08,-9.524901400936869e-08,9.66766009469211e-08,-1.7428611516952515,-99.85858154296875,9.346364827911291e-15,-140.29356384277344
295,1.6987565913950675e-06,1698.756591796875,509.6269836425781,-4.5972844975317173e-10,-9.853294846706717e-10,1.087301471081048e-09,-2.0073468685150146,-115.01249694824219,1.1822245226391102e-18,-179.2729949951172
296,1.4607843468184e-06,1460.7843017578125,438.23529052734375,-7.513368815992294e-10,5.549398718329712e-10,9.340586082373648e-10,2.505425453186035,143.55029296875,8.724654423678557e-19,-180.59251403808594
297,1.0375953252150794e-06,1037.5953369140625,311.2785949707031,8.691606462329915e-11,3.9175171440142265e-10,4.0127770550846265e-10,1.352467656135559,77.49068450927734,1.610237989515799e-19,-187.93109130859375
298,5.215670739744382e-07,521.5670776367188,156.47012329101562,1.3679019028600692e-09,-2.3132782356327652e-09,2.6874544811761325e-09,-1.0367790460586548,-59.40306091308594,7.222411713221004e-18,-171.41317749023438
299,1.6987565913950675e-06,1698.756591796875,509.6269836425781,-1.0028795571770388e-08,-2.149353584002256e-08,2.3718111918924478e-08,-2.0073652267456055,-115.0135498046875,5.625488321663855e-16,-152.49839782714844
300,5.214015459387156e-07,521.4015502929688,156.42047119140625,9.011538182335244e-09,-1.8867467588279396e-09,9.206933881955592e-09,-0.20638883113861084,-11.82520866394043,8.476762952475196e-17,-160.7176971435547
301,5.217394800638431e-07,521.739501953125,156.5218505859375,6.559091492164271e-09,-6.046215972332902e-09,8.920673089107822e-09,-0.7447333335876465,-42.670074462890625,7.95784079048516e-17,-160.99205017089844
302,1.4607842331315624e-06,1460.7841796875,438.2352600097656,-3.7533942620626704e-10,2.7718641271157196e-10,4.665962061167761e-10,2.505495309829712,143.55430603027344,2.1771202436879036e-19,-186.6211700439453
303,5.224960091254616e-07,522.4960327148438,156.74880981445312,-2.841998858471584e-10,4.856140489728489e-10,5.626638044375909e-10,2.1002907752990723,120.3377914428711,3.1659055815517677e-19,-184.99502563476562
304,2.4193370791181223e-06,2419.337158203125,725.8011474609375,-6.653839701442621e-10,-9.480115997773098e-11,6.721034839785034e-10,-3.0000691413879395,-171.89129638671875,4.51723074021267e-19,-183.45126342773438
305,5.214015459387156e-07,521.4015502929688,156.42047119140625,5.4306315000474115e-09,-1.1376505293370087e-09,5.548514092623691e-09,-0.20650148391723633,-11.831663131713867,3.0786008037998584e-17,-165.116455078125
306,2.289894609930343e-06,2289.89453125,686.9683837890625,2.041690816412256e-09,3.97397714735348e-09,4.4677728183728505e-09,1.0961973667144775,62.80747985839844,1.996099314653763e-17,-166.9981689453125
307,5.217395369072619e-07,521.7395629882812,156.52186584472656,-2.3266712168013015e-10,-1.9433810116709083e-09,1.9572594656125375e-09,-1.68995201587677,-96.82711029052734,3.830864495454571e-18,-174.16702270507812
308,1.0375953252150794e-06,1037.5953369140625,311.2785949707031,2.0442034731615877e-09,9.212249629797498e-09,9.436329051482062e-09,1.3524339199066162,77.48875427246094,8.904430549288382e-17,-160.50393676757812
309,5.215671308178571e-07,521.567138671875,156.4701385498047,8.346173752116215e-10,-1.4122297775642778e-09,1.640420355109029e-09,-1.0370261669158936,-59.41722106933594,2.6909790056738343e-18,-175.70089721679688
310,1.8854860854844446e-06,1885.486083984375,565.6458129882812,-1.4082537358461877e-09,-3.593588482342369e-10,1.4533814152173363e-09,-2.8917441368103027,-165.68472290039062,2.112317570332004e-18,-176.75241088867188
311,1.36828191443783e-06,1368.2818603515625,410.4845886230469,-1.7755324988044663e-10,2.1072708855651712e-10,2.7555591142203184e-10,2.270963668823242,130.1166229248047,7.593105725400225e-20,-191.19581604003906
312,1.3683451243196032e-06,1368.3450927734375,410.5035400390625,-2.092803264019949e-09,4.124904418034703e-09,4.625436478278289e-09,2.0403130054473877,116.90132141113281,2.1394662584214537e-17,-166.6969451904297
313,5.226713710726472e-07,522.67138671875,156.80140686035156,5.490156246290567e-11,4.0866304784614726e-10,4.123344166107046e-10,1.4372515678405762,82.34844207763672,1.7001967245642964e-19,-187.69500732421875
314,1.0565106549620396e-06,1056.5106201171875,316.95318603515625,-4.086668156655371e-11,-2.8457294853900805e-10,2.8749236324898675e-10,-1.7134281396865845,-98.17219543457031,8.265186095690438e-20,-190.8274688720703
315,1.0363543196945102e-06,1036.3543701171875,310.90631103515625,-5.4208160182867e-10,-2.1277297701516318e-09,2.195697179629974e-09,-1.8202592134475708,-104.29316711425781,4.821086129054557e-18,-173.16854858398438
316,1.1168830269525643e-06,1116.883056640625,335.0649108886719,-8.94547824703551e-10,-3.3767821872032755e-09,3.493261013787219e-09,-1.8297592401504517,-104.83747863769531,1.2202872798847684e-17,-169.1353759765625
317,1.1168829132657265e-06,1116.8829345703125,335.06488037109375,-8.944447960068658e-10,-3.376795065790361e-09,3.4932474690663184e-09,-1.829729676246643,-104.83578491210938,1.220277767307724e-17,-169.1354217529297
318,9.928403414960485e-07,992.84033203125,297.85211181640625,-5.2254991445011e-09,-3.0063308287253676e-08,3.051406594067885e-08,-1.7428934574127197,-99.86043548583984,9.311082729284597e-16,-150.30999755859375
319,1.7129239040514221e-06,1712.9239501953125,513.877197265625,3.5304235090904967e-09,7.666909773718089e-09,8.440698806566616e-09,1.1392652988433838,65.27509307861328,7.12453970314373e-17,-161.47244262695312
320,1.6870870922502945e-06,1687.0870361328125,506.1261291503906,-5.521100243655042e-10,-1.2127228110614396e-09,1.3324872316644587e-09,-1.998019814491272,-114.47809600830078,1.775522298534607e-18,-177.50672912597656
321,1.6340732145181391e-06,1634.0732421875,490.2219543457031,-1.2186228914856656e-08,-2.6356907767421944e-08,2.9037746429594335e-08,-2.0038764476776123,-114.81365966796875,8.431906999264364e-16,-150.74073791503906
322,5.227672090768465e-07,522.7672119140625,156.83016967773438,8.812151564008275e-10,-7.334045037943326e-10,1.1464825755425068e-09,-0.6941074132919312,-39.76942443847656,1.3144222533906505e-18,-178.81265258789062
323,1.6870872059371322e-06,1687.087158203125,506.12615966796875,-1.1455079551581093e-08,-2.5161073224921893e-08,2.7645947753285327e-08,-1.9980241060256958,-114.47834014892578,7.642984217960853e-16,-151.16737365722656
324,1.7000646721498924e-06,1700.064697265625,510.0194091796875,-8.275144458558259e-10,-2.0403805311985934e-09,2.201802073997783e-09,-1.9560940265655518,-112.075927734375,4.847932275834965e-18,-173.14443969726562
325,1.0764175613076077e-06,1076.4176025390625,322.9252624511719,-4.947815490652374e-09,-3.767520517783396e-09,6.218929815560159e-09,-2.4908030033111572,-142.71249389648438,3.8675087620267925e-17,-164.1256866455078
326,1.0779034482766292e-06,1077.9034423828125,323.37103271484375,1.385323245006731e-10,9.652817434258054e-10,9.751718321737712e-10,1.4282547235488892,81.83296203613281,9.509601262106159e-19,-180.21836853027344
327,1.942250491993036e-06,1942.25048828125,582.6751708984375,2.7739788244218744e-10,-1.0662376537240448e-09,1.1017315948436135e-09,-1.31627357006073,-75.41691589355469,1.213812482280979e-18,-179.15847778320312
328,1.7772198361853953e-06,1777.2198486328125,533.1659545898438,-1.377758046539057e-10,-3.116858715568327e-10,3.407789050946519e-10,-1.9870060682296753,-113.84705352783203,1.1613026434058065e-19,-189.35055541992188
329,1.367406753161049e-06,1367.40673828125,410.2220153808594,3.819158767015551e-09,-1.5794446861505662e-09,4.132870934370203e-09,-0.39213961362838745,-22.46794319152832,1.7080622867813654e-17,-167.67495727539062
330,1.8859103647628217e-06,1885.910400390625,565.7731323242188,-6.214180281460813e-10,2.2480637351662835e-09,2.3323702968980342e-09,1.8404855728149414,105.4520492553711,5.439951230503455e-18,-172.64404296875
331,1.909130787680624e-06,1909.1307373046875,572.7392578125,-9.424330066343245e-11,4.2095130159403027e-10,4.3137199368104007e-10,1.7910460233688354,102.61936950683594,1.8608180096749898e-19,-187.30294799804688
332,4.736186554055166e-07,473.61865234375,142.08560180664062,8.957861119540667e-10,-1.8247745536825732e-09,2.0327899363792312e-09,-1.1144533157348633,-63.85346984863281,4.132234930338772e-18,-173.83816528320312
333,1.9079927824350307e-06,1907.9927978515625,572.3978271484375,5.20547827065343e-09,6.219469383950127e-10,5.24250154398942e-09,0.11891559511423111,6.813361167907715,2.7483821968986867e-17,-165.60922241210938
334,1.367406753161049e-06,1367.40673828125,410.2220153808594,6.044043487918316e-08,-2.499850282333682e-08,6.540620489658977e-08,-0.39218005537986755,-22.470260620117188,4.277971663843366e-15,-143.6876220703125
335,1.6870870922502945e-06,1687.0870361328125,506.1261291503906,-1.1455065340726378e-08,-2.5161014605146192e-08,2.7645889133509627e-08,-1.9980244636535645,-114.47836303710938,7.642951924829739e-16,-151.16738891601562
336,4.7220282795024104e-07,472.20281982421875,141.6608428955078,1.6683231462977233e-09,-3.6791829582938362e-09,4.039763634722249e-09,-1.1450775861740112,-65.60810852050781,1.6319689496158774e-17,-167.87289428710938
337,1.1387398899387335e-06,1138.7398681640625,341.6219787597656,3.8099433330440746e-11,-5.2015922819004246e-11,6.447652828311945e-11,-0.9386175274848938,-53.7788200378418,4.157222754480769e-21,-203.8119659423828
338,1.8529360659158556e-06,1852.93603515625,555.8807983398438,-2.178518920814554e-09,-9.016997704058838e-10,2.3577548802222736e-09,-2.749156951904297,-157.51507568359375,5.559008163248825e-18,-172.55003356933594
339,1.9758981579798274e-06,1975.898193359375,592.7694702148438,-1.4584998764277657e-09,-1.7586362921484522e-11,1.4586059027266174e-09,-3.129535436630249,-179.3091583251953,2.1275312829532324e-18,-176.72125244140625
340,1.6883751641216804e-06,1688.3751220703125,506.5125427246094,1.9348760371684648e-09,4.587086710472477e-09,4.978464751559386e-09,1.1716313362121582,67.12952423095703,2.4785110478946887e-17,-166.05807495117188
341,4.833991624764167e-07,483.399169921875,145.01974487304688,6.096962934520889e-10,7.66655905426461e-10,9.795360078612703e-10,0.8989478945732117,51.505916595458984,9.594908398678752e-19,-180.17959594726562
342,1.0168416793021606e-06,1016.8416748046875,305.052490234375,-6.784978356932925e-09,2.567333012848394e-09,7.2544561469101154e-09,2.779857635498047,159.27410888671875,5.262713308603249e-17,-162.78790283203125
343,1.8848052150133299e-06,1884.80517578125,565.4415893554688,2.8947734875828246e-08,9.257731803380409e-10,2.896253548101413e-08,0.03196995332837105,1.8317432403564453,8.388284802480768e-16,-150.7632598876953
344,1.6340731008313014e-06,1634.0731201171875,490.221923828125,-1.218749101639105e-08,-2.63566803937465e-08,2.9038071502895946e-08,-2.0039191246032715,-114.81610107421875,8.43209599349072e-16,-150.7406463623047
345,1.7622871837374987e-06,1762.2872314453125,528.6861572265625,4.900381433969869e-09,6.115755679658719e-10,4.938396802600664e-09,0.12415967136621475,7.113824844360352,2.4387762691178465e-17,-166.12826538085938
346,1.0539851018620539e-06,1053.985107421875,316.1955261230469,4.558830535295044e-10,4.1769740444230763e-10,6.183045186958225e-10,0.7417142987251282,42.49709701538086,3.8230046769728803e-19,-184.1759490966797
347,1.6883751641216804e-06,1688.3751220703125,506.5125427246094,1.934893800736859e-09,4.587100033148772e-09,4.97848384739541e-09,1.1716290712356567,67.12939453125,2.4785300730487775e-17,-166.0580596923828
348,1.0779034482766292e-06,1077.9034423828125,323.37103271484375,1.3849246749408906e-10,9.652952881467058e-10,9.751794927126411e-10,1.4282971620559692,81.83539581298828,9.509750154616418e-19,-180.21832275390625
349,1.0767105322884163e-06,1076.7105712890625,323.0131530761719,-7.378329947016482e-09,-3.772970913473728e-08,3.844438367650582e-08,-1.7639166116714478,-101.06497192382812,1.4779706372468468e-15,-148.3033447265625
350,1.1168830269525643e-06,1116.883056640625,335.0649108886719,-8.944549545475411e-10,-3.3768228213659768e-09,3.4932765569095636e-09,-1.82973051071167,-104.83583068847656,1.2202981159507928e-17,-169.13534545898438
351,1.0565106549620396e-06,1056.5106201171875,316.95318603515625,-3.475994769797097e-10,-2.4208592908081528e-09,2.4456869862632402e-09,-1.7134066820144653,-98.17096710205078,5.981384781991877e-18,-172.2319793701172
352,1.620591774553759e-06,1620.591796875,486.1775207519531,-7.486916047128034e-07,-8.499526416017034e-08,7.535007284786843e-07,-3.0285515785217285,-173.52320861816406,5.677633385138547e-13,-122.45832824707031
353,4.832954800804146e-07,483.29547119140625,144.9886474609375,-6.661434737154082e-10,-7.358163522930283e-10,9.925587018955184e-10,-2.3065385818481445,-132.15492248535156,9.851727299361154e-19,-180.0648651123047
354,1.0363061164753162e-06,1036.30615234375,310.891845703125,6.072950475832783e-10,2.120218223211623e-09,2.2054780224323167e-09,1.2918347120285034,74.01667022705078,4.864133435312429e-18,-173.12994384765625
355,1.0989615475409664e-06,1098.9615478515625,329.6884765625,-1.6114098944086663e-09,-4.5920156566126025e-09,4.866544056625344e-09,-1.9082865715026855,-109.33676147460938,2.3683251309105826e-17,-166.25558471679688
356,1.687057533672487e-06,1687.0574951171875,506.11724853515625,5.752954779225661e-10,1.2053986697679875e-09,1.3356462602587271e-09,1.1255009174346924,64.4864501953125,1.783950855386216e-18,-177.48617553710938
357,9.927899782269378e-07,992.7899780273438,297.8370056152344,6.17512219136529e-09,3.003162518666613e-08,3.065991904804832e-08,1.36800217628479,78.38074493408203,9.400306003574813e-16,-150.26858520507812
358,1.053978508025466e-06,1053.978515625,316.19354248046875,-5.96519740270196e-08,-2.0487897245402564e-07,2.133863716835549e-07,-1.8541207313537598,-106.23328399658203,4.5533743469510293e-14,-133.41665649414062
359,1.0759206361399265e-06,1075.920654296875,322.77618408203125,-9.834715264389615e-09,-9.86902737309947e-09,1.3932671016902987e-08,-2.3544530868530273,-134.9002227783203,1.9411931831748611e-16,-157.1193084716797
360,1.0363061164753162e-06,1036.30615234375,310.891845703125,7.742541052735419e-10,-7.546866465091284e-10,1.0812128969917012e-09,-0.7726008296012878,-44.26676559448242,1.1690213758942685e-18,-179.32177734375
361,9.927900919137755e-07,992.7901000976562,297.8370361328125,1.956429152016881e-08,9.514798193777096e-08,9.713856030657553e-08,1.3680031299591064,78.38079833984375,9.43589959856786e-15,-140.25216674804688
362,2.345508391954354e-06,2345.50830078125,703.6525268554688,-1.8528386602767455e-09,-2.7053700946133574e-10,1.8724852779428147e-09,-2.9966049194335938,-171.69281005859375,3.506201068111183e-18,-174.5516357421875
363,1.1168381206516642e-06,1116.838134765625,335.0514221191406,9.90159620961606e-10,3.3644105279506675e-09,3.507089285648135e-09,1.2845733165740967,73.60062408447266,1.2299675264392927e-17,-169.10107421875
364,1.0363060027884785e-06,1036.3060302734375,310.8918151855469,6.073581082510771e-10,2.1202131161857096e-09,2.2054904569301925e-09,1.2918065786361694,74.01506042480469,4.8641880292328574e-18,-173.12989807128906
365,1.0531354064369225e-06,1053.1353759765625,315.94061279296875,1.2941846483371933e-09,2.022030543002984e-09,2.4007336119069578e-09,1.0014532804489136,57.37904357910156,5.763521952257661e-18,-172.3931121826172
366,1.0363060027884785e-06,1036.3060302734375,310.8918151855469,1.8214512564895813e-08,-1.7753018610733307e-08,2.5434978567773214e-08,-0.7725679874420166,-44.2648811340332,6.469381423661802e-16,-151.89137268066406
367,9.919818921844126e-07,991.9818725585938,297.5945739746094,-2.640457186231515e-09,3.6250220603051275e-09,4.484729476672555e-09,2.2003278732299805,126.06949615478516,2.0112798986914587e-17,-166.96527099609375
368,1.3674347201231285e-06,1367.4346923828125,410.23040771484375,-5.5480565919197034e-08,4.2598966132345595e-08,6.994830670237207e-08,2.486785411834717,142.4822998046875,4.892765541135956e-15,-143.10446166992188
369,1.4598109601138276e-06,1459.8109130859375,437.94329833984375,-6.613380509890021e-09,-3.1743285777707797e-10,6.620993975303691e-09,-3.093630790710449,-177.25198364257812,4.3837561527880774e-17,-163.58154296875
370,1.6870574199856492e-06,1687.057373046875,506.1172180175781,5.75292813387307e-10,1.2054011122586417e-09,1.3356472594594493e-09,1.1255035400390625,64.48660278320312,1.783953543723207e-18,-177.48617553710938
371,1.0531354064369225e-06,1053.1353759765625,315.94061279296875,1.0946384243482044e-08,1.7103937821616455e-08,2.030684598253174e-08,1.0014888048171997,57.38107681274414,4.123679847940667e-16,-153.84715270996094
372,1.0527602398724412e-06,1052.76025390625,315.82806396484375,-9.608346118739064e-08,-6.996745405274396e-09,9.63378781193569e-08,-3.068901538848877,-175.83509826660156,9.280986589877468e-15,-140.32406616210938
373,1.0363061164753162e-06,1036.30615234375,310.891845703125,6.072835012638222e-10,2.1202346545123874e-09,2.2054906789747974e-09,1.291841745376587,74.01707458496094,4.864189270003776e-18,-173.12989807128906
374,4.736187122489355e-07,473.61871337890625,142.0856170654297,8.957780073259869e-10,-1.8247934274739919e-09,2.0328032590555267e-09,-1.1144609451293945,-63.853904724121094,4.132289110668894e-18,-173.83810424804688
375,1.0527602398724412e-06,1052.76025390625,315.82806396484375,-8.149983727889776e-07,-5.934677815844225e-08,8.171562626557716e-07,-3.0689027309417725,-175.8351593017578,6.677443428922125e-13,-121.75390625
376,1.0977130386891076e-06,1097.7130126953125,329.31390380859375,-5.358198151839133e-08,-7.849513927737917e-09,5.415389026097728e-08,-2.9961318969726562,-171.66571044921875,2.932643845037701e-15,-145.32740783691406
377,1.0527602398724412e-06,1052.76025390625,315.82806396484375,-8.149972359206004e-07,-5.934686342357054e-08,8.171551257873944e-07,-3.0689024925231934,-175.83514404296875,6.677424997485193e-13,-121.75391387939453
378,5.226713710726472e-07,522.67138671875,156.80140686035156,-8.467598844319468e-10,7.919475075723881e-10,1.1593891402483791e-09,2.3896305561065674,136.91574096679688,1.3441831778545428e-18,-178.71542358398438
379,1.687057533672487e-06,1687.0574951171875,506.11724853515625,5.752960330340784e-10,1.2053981146564752e-09,1.3356459271918197e-09,1.1255004405975342,64.48641967773438,1.7839500282056035e-18,-177.48617553710938
380,1.0977130386891076e-06,1097.7130126953125,329.31390380859375,-5.358197796567765e-08,-7.849423333539107e-09,5.4153872497408884e-08,-2.99613356590271,-171.66580200195312,2.9326419392135695e-15,-145.32740783691406
381,1.053978508025466e-06,1053.978515625,316.19354248046875,-2.0181689208698117e-08,-6.931643525831532e-08,7.219465913976819e-08,-1.8541169166564941,-106.23307037353516,5.212069010163568e-15,-142.82989501953125
382,1.0766641480586259e-06,1076.6641845703125,322.9992370605469,1.1509000419351878e-09,5.112724910105726e-09,5.240661238303801e-09,1.349381923675537,77.31388854980469,2.7464530462740906e-17,-165.61227416992188
383,1.0766640343717881e-06,1076.6640625,322.99920654296875,8.48063930192211e-09,3.7664523944158645e-08,3.8607481656072196e-08,1.3493272066116333,77.31075286865234,1.4905376415687852e-15,-148.26657104492188
384,1.624508968234295e-06,1624.5089111328125,487.3526916503906,-6.341218661276571e-10,9.228896535873332e-10,1.1197480720426256e-09,2.1728153228759766,124.4931411743164,1.2538357196169337e-18,-179.01760864257812
385,1.9417930161580443e-06,1941.79296875,582.5379028320312,1.2897484469309717e-10,4.6935941244719004e-11,1.372497532292627e-10,0.34901750087738037,19.997228622436523,1.8837495565182338e-20,-197.24977111816406
386,5.222611889621476e-07,522.2611694335938,156.67835998535156,2.2231338991929306e-09,-5.597384777900061e-10,2.29251639893846e-09,-0.24665233492851257,-14.132137298583984,5.2556314017888765e-18,-172.7937469482422
387,1.0552919320616638e-06,1055.2919921875,316.58758544921875,1.5586234525244436e-08,-1.0276611561721438e-08,1.8669210177790774e-08,-0.5829123854637146,-33.39841842651367,3.4853942000702485e-16,-154.57748413085938
388,1.413341465195117e-06,1413.3414306640625,424.00244140625,-1.9303862952568807e-09,1.0930507610140694e-09,2.2183670456144e-09,2.626371145248413,150.47998046875,4.921152235706628e-18,-173.079345703125
389,1.624508968234295e-06,1624.5089111328125,487.3526916503906,-7.945473168291528e-10,-2.0692321189841323e-09,2.2165347335345587e-09,-1.937417984008789,-111.00586700439453,4.913026426959213e-18,-173.08651733398438
390,5.22591790286242e-07,522.591796875,156.7775421142578,1.8934159795591654e-10,-2.840542523419032e-10,3.413752336367537e-10,-0.9828616976737976,-56.31382369995117,1.1653705625619774e-19,-189.33535766601562
391,2.282554305566009e-06,2282.55419921875,684.7662963867188,-6.077797709558297e-10,-1.3268172116553956e-09,1.4593972696985702e-09,-2.0003437995910645,-114.61125183105469,2.129840357633174e-18,-176.71653747558594
392,1.7536214045321685e-06,1753.6214599609375,526.08642578125,-3.670108661424365e-11,-9.068121947786167e-11,9.78266495588187e-11,-1.955370545387268,-112.03447723388672,9.570053172235183e-21,-200.19085693359375
393,1.0556660754446057e-06,1055.666015625,316.6998291015625,2.6322593410510464e-11,-2.8306424912361017e-11,3.8654010547922724e-11,-0.8216968178749084,-47.07975769042969,1.4941325438247692e-21,-208.256103515625
394,2.35525817515736e-06,2355.258056640625,706.5774536132812,-6.533713153844545e-11,-1.3301552914679604e-10,1.4819605265170566e-10,-2.027378559112549,-116.16022491455078,2.19620701626991e-20,-196.58326721191406
395,2.35525817515736e-06,2355.258056640625,706.5774536132812,-1.324544363079383e-09,-2.696498802023939e-09,3.004250848093193e-09,-2.02738618850708,-116.1606674194336,9.025523173521245e-18,-170.4452667236328
396,1.0552920457485016e-06,1055.2919921875,316.5876159667969,5.280401893514863e-09,-3.4815090810269567e-09,6.324836210325202e-09,-0.5829037427902222,-33.39792251586914,4.000355291891789e-17,-163.97901916503906
397,1.0536070931266295e-06,1053.6070556640625,316.0821228027344,-7.555582826057616e-10,-9.531715416954967e-10,1.2163077212079543e-09,-2.2410569190979004,-128.40309143066406,1.4794044605401176e-18,-178.2991180419922
398,9.739708275446901e-07,973.9708251953125,292.1912536621094,4.320209523456242e-09,2.360061479578235e-08,2.3992773989789384e-08,1.3897459506988525,79.62657165527344,5.756532259537975e-16,-152.3983917236328
399,1.1375349231457221e-06,1137.534912109375,341.2604675292969,-4.541177156536236e-10,-5.839219108239035e-10,7.397213397375424e-10,-2.23179292678833,-127.87230682373047,5.471876783232822e-19,-182.61863708496094
400,1.016890905702894e-06,1016.8909301757812,305.0672607421875,1.4679883975077246e-09,1.568645302540972e-08,1.5754993754057978e-08,1.477484941482544,84.65364837646484,2.482198288193205e-16,-156.0516357421875
401,1.967023763427278e-06,1967.0238037109375,590.1071166992188,4.0391426314734247e-11,-1.8400654611117062e-10,1.8838756943306834e-10,-1.354712724685669,-77.61931610107422,3.548987722003221e-20,-194.49896240234375
402,1.942250491993036e-06,1942.25048828125,582.6751708984375,5.7839205647169933e-11,-2.2227446272449214e-10,2.2967652779648517e-10,-1.3162267208099365,-75.41423034667969,5.2751307759378334e-20,-192.77767944335938
403,1.1383154969735187e-06,1138.3155517578125,341.4946594238281,4.53082044105102e-10,2.1807096128867443e-09,2.2272803601453006e-09,1.3659427165985107,78.26274871826172,4.9607779093606745e-18,-173.0445098876953
404,1.0173656619372196e-06,1017.3656616210938,305.2096862792969,3.072964938066747e-10,-4.3736550492390336e-10,5.34527533346818e-10,-0.9583221673965454,-54.907814025878906,2.8571968655620907e-19,-185.4405975341797
405,1.0375953252150794e-06,1037.5953369140625,311.2785949707031,3.5012319710148176e-09,-3.024376304949783e-09,4.626605321078614e-09,-0.712453305721283,-40.82056427001953,2.1405477143543056e-17,-166.69476318359375
406,1.1395212595743942e-06,1139.521240234375,341.85638427734375,-1.7186377321287694e-10,9.115870558407124e-11,1.9454322874867813e-10,2.65391206741333,152.05795288085938,3.784706731599558e-20,-194.2196807861328
407,1.1003014606103534e-06,1100.301513671875,330.0904235839844,3.127389736068409e-10,-3.0070673728843644e-10,4.3385506298676546e-10,-0.7657865285873413,-43.87633514404297,1.8823022166284647e-19,-187.25311279296875
408,1.101550424209563e-06,1101.5504150390625,330.4651184082031,-5.861797158779325e-11,5.309015727039679e-11,7.908623061991804e-11,2.4056386947631836,137.8329315185547,6.254631689972386e-21,-202.03797912597656
409,1.0565106549620396e-06,1056.5106201171875,316.95318603515625,-3.4764663370268067e-10,-2.4208572924067084e-09,2.4456918712445486e-09,-1.7134259939193726,-98.17207336425781,5.981408770229641e-18,-172.23196411132812
410,9.739708275446901e-07,973.9708251953125,292.1912536621094,9.304732095927193e-09,-7.069493879185984e-09,1.1685707512754107e-08,-0.6497271656990051,-37.22662353515625,1.3655576655036172e-16,-158.6468963623047
411,1.6883750504348427e-06,1688.375,506.51251220703125,6.491532311692083e-11,-1.0261438226910613e-10,1.2142369054668478e-10,-1.0067403316497803,-57.681968688964844,1.4743712474584914e-20,-198.3139190673828
412,1.054448148352094e-06,1054.4481201171875,316.3344421386719,-1.360785650827978e-10,1.594596538145865e-10,2.0963004943030938e-10,2.277245283126831,130.47653198242188,4.3944758448400935e-20,-193.57093811035156
413,2.35525817515736e-06,2355.258056640625,706.5774536132812,-8.210325752600056e-10,-1.671473626174702e-09,1.8622348108010556e-09,-2.027381420135498,-116.16039276123047,3.4679185289767693e-18,-174.59930419921875
414,1.0375953252150794e-06,1037.5953369140625,311.2785949707031,1.4888652810629566e-10,-1.2861128828589585e-10,1.9674364915012177e-10,-0.7124632596969604,-40.821136474609375,3.870806216726098e-20,-194.1219940185547
415,1.941132040883531e-06,1941.132080078125,582.339599609375,-1.3528471676238496e-08,-9.339697903953947e-10,1.3560672584844724e-08,-3.072664737701416,-176.0507049560547,1.8389184546564367e-16,-157.3543701171875
416,1.1395212595743942e-06,1139.521240234375,341.85638427734375,-6.419291487258505e-11,-4.092344241257706e-10,4.1423850460908795e-10,-1.7263894081115723,-98.9148178100586,1.7159353866817663e-19,-187.65499877929688
417,2.2825540781923337e-06,2282.55419921875,684.7662353515625,-3.5914382578994264e-10,6.525742723972883e-10,7.448741623505839e-10,2.0739078521728516,118.82616424560547,5.548374963269609e-19,-182.558349609375
418,1.037643642121111e-06,1037.6436767578125,311.2930908203125,-1.7637145077742389e-09,-9.225375130483826e-09,9.392455702084135e-09,-1.759697675704956,-100.8232421875,8.821822337618426e-17,-160.54441833496094
419,1.414250505149539e-06,1414.25048828125,424.275146484375,3.00518950002715e-11,-6.119481310573605e-11,6.81756665010802e-11,-1.1143056154251099,-63.84500503540039,4.647921399586927e-21,-203.32740783691406
420,1.7536215182190062e-06,1753.6214599609375,526.08642578125,-2.6901094199449638e-11,4.163105624122032e-11,4.956625387908531e-11,2.1444804668426514,122.86967468261719,2.4568134590393307e-21,-206.09628295898438
421,2.2993422135186847e-06,2299.34228515625,689.8026733398438,8.273871171526892e-11,3.4511360436084715e-10,3.548930871399847e-10,1.335494041442871,76.5181655883789,1.2594910500673822e-19,-188.998046875
422,1.7000647858367302e-06,1700.0648193359375,510.0194396972656,-7.375319799329816e-11,-1.8185591921238142e-10,1.9624248059901817e-10,-1.956085205078125,-112.07542419433594,3.8511112402116665e-20,-194.14413452148438
423,1.752331172610866e-06,1752.3311767578125,525.6993408203125,2.1795329430140953e-10,4.979150425299395e-10,5.435282779409079e-10,1.1581913232803345,66.3594741821289,2.9542298043055065e-19,-185.29556274414062
424,1.6487965694977902e-06,1648.7965087890625,494.63897705078125,8.193059564121086e-09,1.795254434000526e-08,1.9733729317295e-08,1.1426551342010498,65.46931457519531,3.8942006230793477e-16,-154.0958251953125
425,1.1003014606103534e-06,1100.301513671875,330.0904235839844,2.1893917234727667e-10,8.521791050597471e-10,8.798543005283932e-10,1.3193182945251465,75.59136962890625,7.741436011337175e-19,-181.11178588867188
426,9.739708275446901e-07,973.9708251953125,292.1912536621094,4.3203947086567496e-09,2.360070183726748e-08,2.3992893005697624e-08,1.389738917350769,79.62616729736328,5.756588904866323e-16,-152.39834594726562
427,1.4142491409074864e-06,1414.2491455078125,424.2747497558594,6.862176105126849e-11,-1.361994822479673e-10,1.525098242138867e-10,-1.104087233543396,-63.25953674316406,2.3259246075134234e-20,-196.33404541015625
428,1.4142503914627014e-06,1414.2503662109375,424.2751159667969,4.3108280833870083e-10,-2.5025381766852206e-10,4.98456942388259e-10,-0.5259756445884705,-30.13618278503418,2.4845933586375794e-19,-186.0474395751953
429,5.227671522334276e-07,522.7671508789062,156.83013916015625,-3.050560845596628e-11,-4.0659872690973486e-10,4.077414517134059e-10,-1.6456823348999023,-94.2906494140625,1.6625309261247236e-19,-187.79229736328125
430,2.2991318928688997e-06,2299.1318359375,689.7395629882812,-3.753422106456128e-08,-2.8268261065278466e-09,3.764052181054467e-08,-3.0664212703704834,-175.6929931640625,1.4168089292244555e-15,-148.4868927001953
431,1.6987860362860374e-06,1698.7860107421875,509.63580322265625,4.4092424156261245e-10,9.910944287483403e-10,1.0847499565258545e-09,1.1522032022476196,66.0163803100586,1.1766825159325815e-18,-179.29339599609375
432,1.6987859225991997e-06,1698.785888671875,509.6357727050781,4.945455600591231e-09,1.1115977471831684e-08,1.2166448293271515e-08,1.152194857597351,66.01589965820312,1.48022461838927e-16,-158.29672241210938
433,1.0565105412752018e-06,1056.510498046875,316.9531555175781,-1.1771318642050943e-10,7.095803805645673e-11,1.3744612392674327e-10,2.5991134643554688,148.91822814941406,1.8891436788408745e-20,-197.23736572265625
434,2.353958279854851e-06,2353.958251953125,706.1875,-1.609091526688644e-09,-2.155447625939999e-10,1.623463918853929e-09,-3.0084309577941895,-172.37039184570312,2.635635039224902e-18,-175.79115295410156
435,1.965874616871588e-06,1965.8746337890625,589.7623901367188,-2.2442372404896105e-09,-3.6040173623241856e-10,2.272991572738192e-09,-2.9823622703552246,-170.8767547607422,5.166490696667406e-18,-172.8680419921875
436,2.4111579932650784e-06,2411.157958984375,723.347412109375,-7.569423976505618e-10,-1.354901746353221e-10,7.689729408788537e-10,-2.9644718170166016,-169.85171508789062,5.913193666654231e-19,-182.2817840576172
437,1.0375953252150794e-06,1037.5953369140625,311.2785949707031,2.0442783021934474e-09,9.212275386971669e-09,9.436370795867788e-09,1.3524267673492432,77.48834228515625,8.904509296882697e-17,-160.50390625
438,1.8518106799092493e-06,1851.8106689453125,555.543212890625,-7.000093393827456e-09,2.8017899111887345e-08,2.887912664562009e-08,1.8156278133392334,104.02780151367188,8.340039393991939e-16,-150.78831481933594
439,1.8518104525355739e-06,1851.8104248046875,555.5431518554688,-7.0002417196235456e-09,2.8018018127795585e-08,2.887927941230828e-08,1.8156317472457886,104.02803039550781,8.340127803055809e-16,-150.78826904296875
440,1.01618854841945e-06,1016.1885375976562,304.8565673828125,-1.5091180527448955e-09,2.411670640967145e-09,2.844924074096866e-09,2.129939317703247,122.03652954101562,8.093593371278177e-18,-170.9185791015625
441,1.1379612487871782e-06,1137.9613037109375,341.38836669921875,2.552653366461044e-10,2.371962903868763e-10,3.4845726304411073e-10,0.7487233281135559,42.898685455322266,1.2142246250211835e-19,-189.15701293945312
442,2.4124626634147717e-06,2412.462646484375,723.73876953125,-2.9766144410414697e-11,-6.382907397073367e-11,7.042850330707395e-11,-2.0071563720703125,-115.00157928466797,4.9601740028900254e-21,-203.04502868652344
443,2.4124626634147717e-06,2412.462646484375,723.73876953125,-2.976649135510989e-11,-6.382949030436791e-11,7.042902372411675e-11,-2.0071582794189453,-115.00169372558594,4.9602475121046175e-21,-203.0449676513672
444,1.624508968234295e-06,1624.5089111328125,487.3526916503906,-6.341259739528482e-10,9.228889874535184e-10,1.119749848399465e-09,2.172818660736084,124.49333190917969,1.25383975212242e-18,-179.017578125
445,9.75202510744566e-07,975.2025146484375,292.5607604980469,-1.7444943267719282e-09,1.2420227069043221e-09,2.1414670037245287e-09,2.5228800773620605,144.5503692626953,4.58588104418786e-18,-173.38577270507812
446,1.037643642121111e-06,1037.6436767578125,311.2930908203125,-1.7637403759707126e-09,-9.225636254939218e-09,9.392716826539527e-09,-1.7596951723098755,-100.82310485839844,8.822312690285548e-17,-160.54415893554688
447,1.1003014606103534e-06,1100.301513671875,330.0904235839844,3.1273869605108473e-10,-3.0070049228392293e-10,4.338505110723645e-10,-0.7657765746116638,-43.875762939453125,1.882262667055427e-19,-187.25318908691406
448,1.6870574199856492e-06,1687.057373046875,506.1172180175781,5.753071907754759e-10,1.205395894210426e-09,1.3356487027493813e-09,1.1254922151565552,64.48594665527344,1.7839574728311164e-18,-177.48614501953125
449,1.687057533672487e-06,1687.0574951171875,506.11724853515625,1.1936568178327889e-08,2.500996565402147e-08,2.7712452776995633e-08,1.125495433807373,64.48613739013672,7.679800505013261e-16,-151.14649963378906
450,4.84408531065128e-07,484.4085388183594,145.3225555419922,2.974711588166201e-10,-3.811101711992393e-10,4.834604938608322e-10,-0.9080353379249573,-52.026588439941406,2.3373404754484794e-19,-186.3127899169922
451,1.9079666344623547e-06,1907.9666748046875,572.3900146484375,-1.5238545358897682e-07,-1.576064079245043e-08,1.5319831447868637e-07,-3.0385329723358154,-174.09510803222656,2.346972273372782e-14,-136.294921875
452,2.2885744783707196e-06,2288.574462890625,686.5723266601562,-7.98397579160337e-08,-7.90160115116123e-09,8.022981035082921e-08,-3.042945623397827,-174.34793090820312,6.4368223242022935e-15,-141.9132843017578
453,1.0759206361399265e-06,1075.920654296875,322.77618408203125,-1.3404248822013187e-09,-1.3449871216764109e-09,1.8988757233273645e-09,-2.3544955253601074,-134.90264892578125,3.605729093774788e-18,-174.43006896972656
454,1.3674347201231285e-06,1367.4346923828125,410.23040771484375,-5.5479855376461273e-08,4.260031971625722e-08,6.994856249775694e-08,2.4867639541625977,142.48106384277344,4.892801540036214e-15,-143.1044158935547
455,1.367434492749453e-06,1367.4344482421875,410.2303466796875,-3.489578848103747e-09,2.679601429633749e-09,4.399707265179131e-09,2.4867420196533203,142.4798126220703,1.9357424268976062e-17,-167.1315155029297
456,1.6340427464456297e-06,1634.042724609375,490.21282958984375,1.2707860541638638e-08,2.6189256985276188e-08,2.9109566312968127e-08,1.119032859802246,64.11585998535156,8.473668370541961e-16,-150.7192840576172
457,1.0363060027884785e-06,1036.3060302734375,310.8918151855469,1.4286706928601234e-08,4.9877101560014125e-08,5.188289975421867e-08,1.2918275594711304,74.01626586914062,2.6918353427486186e-15,-145.6995086669922
458,1.0363060027884785e-06,1036.3060302734375,310.8918151855469,1.428707285811015e-08,4.987705182202262e-08,5.188295304492385e-08,1.2918205261230469,74.01586151123047,2.6918408484627758e-15,-145.6995086669922
459,9.919818921844126e-07,991.9818725585938,297.5945739746094,-8.413568508558456e-09,1.1551502865358998e-08,1.4290742811340351e-08,2.20029878616333,126.06782531738281,2.0422533458562618e-16,-156.89889526367188
460,2.288574250997044e-06,2288.57421875,686.572265625,-7.983987870829878e-08,-7.90172105524789e-09,8.022993824852165e-08,-3.0429441928863525,-174.3478546142578,6.436843076509501e-15,-141.91326904296875
461,1.90796686183603e-06,1907.9669189453125,572.3900756835938,-1.5238558148666925e-07,-1.5760692306798774e-08,1.531984423763788e-07,-3.0385327339172363,-174.0950927734375,2.3469763391309288e-14,-136.29490661621094
462,2.345508391954354e-06,2345.50830078125,703.6525268554688,-1.8528374390314184e-09,-2.705378421286042e-10,1.872484389764395e-09,-2.9966044425964355,-171.69277954101562,3.506197759388733e-18,-174.5516357421875
463,1.0766640343717881e-06,1076.6640625,322.99920654296875,1.1507284014555808e-09,5.112744450030959e-09,5.240642142467777e-09,1.3494147062301636,77.31576538085938,2.7464330285032668e-17,-165.61231994628906
464,1.8847788396669785e-06,1884.77880859375,565.4336547851562,-2.901928120024877e-08,-4.6221809713031803e-10,2.9022961811620007e-08,-3.1256661415100098,-179.08746337890625,8.423323379135126e-16,-150.7451629638672
465,1.3673702596861403e-06,1367.3702392578125,410.2110900878906,-3.794920377941935e-09,1.6687657922176413e-09,4.145624288298677e-09,2.727306365966797,156.2631378173828,1.7186200892477473e-17,-167.648193359375
466,1.4598107327401522e-06,1459.810791015625,437.9432067871094,-1.3267178466946916e-08,-6.366395188805996e-10,1.3282443589446302e-08,-3.0936434268951416,-177.25270080566406,1.7642330450679629e-16,-157.53443908691406
467,1.3674347201231285e-06,1367.4346923828125,410.23040771484375,-5.54806725006074e-08,4.259824848418248e-08,6.994795143100418e-08,2.4867944717407227,142.48281860351562,4.8927159897085414e-15,-143.1044921875
468,9.7391944109404e-07,973.91943359375,292.17584228515625,-9.120746824464732e-09,7.39619476775033e-09,1.1742731231834114e-08,2.460228681564331,140.96070861816406,1.3789173603152876e-16,-158.6046142578125
469,1.0552444109634962e-06,1055.244384765625,316.5733337402344,-3.303482765115717e-10,-1.52827528410171e-09,1.5635713834782905e-09,-1.783678650856018,-102.19725036621094,2.4447554614576248e-18,-176.11764526367188
470,4.832955937672523e-07,483.29559326171875,144.98867797851562,-6.662145835001354e-10,-7.358800790946418e-10,9.926537369864263e-10,-2.306548595428467,-132.15548706054688,9.85361430513354e-19,-180.06405639648438
471,5.22671427916066e-07,522.6714477539062,156.80142211914062,-8.468546974782498e-10,7.918029565345819e-10,1.1593596083159241e-09,2.389777660369873,136.92416381835938,1.344114728658854e-18,-178.71563720703125
472,1.0363061164753162e-06,1036.30615234375,310.891845703125,7.742793073362009e-10,-7.546485658593838e-10,1.0812043482744116e-09,-0.7725593447685242,-44.26438903808594,1.1690028677280626e-18,-179.32183837890625
473,1.055244524650334e-06,1055.2445068359375,316.5733642578125,-3.3035449376050963e-10,-1.528291826424777e-09,1.5635888139797771e-09,-1.7836803197860718,-102.19734954833984,2.4448100553780533e-18,-176.1175537109375
474,1.116838234338502e-06,1116.8382568359375,335.0514831542969,9.90230231145972e-10,3.36441785542263e-09,3.507116153045331e-09,1.2845546007156372,73.59955596923828,1.2299863861572589e-17,-169.10098266601562
475,1.0168416793021606e-06,1016.8416748046875,305.052490234375,-1.946079741799167e-09,-1.570747798496086e-08,1.5827573918159032e-08,-1.6940633058547974,-97.06267547607422,2.5051208526304786e-16,-156.01171875
476,1.0759206361399265e-06,1075.920654296875,322.77618408203125,-1.3404101162350912e-09,-1.3450242031254334e-09,1.8988914884943142e-09,-2.3544764518737793,-134.90155029296875,3.605789064369198e-18,-174.42999267578125
477,1.634042632758792e-06,1634.0426025390625,490.2127990722656,1.270732319369472e-08,2.6189468371740077e-08,2.910952368040398e-08,1.1190526485443115,64.11698913574219,8.473643488949136e-16,-150.71929931640625
478,9.927899782269378e-07,992.7899780273438,297.8370056152344,1.9565565168022658e-08,9.514823773315584e-08,9.713907189734527e-08,1.3679908514022827,78.38009643554688,9.435999548455636e-15,-140.2521209716797
479,1.0350652246415848e-06,1035.065185546875,310.5195617675781,-8.667172579635007e-08,-2.7042435135626874e-07,2.83974145531829e-07,-1.8809551000595093,-107.77078247070312,8.064131773368594e-14,-130.93441772460938
480,5.227672090768465e-07,522.7672119140625,156.83016967773438,1.4177067297893586e-09,-1.1797537391444735e-09,1.8443728766470713e-09,-0.6940432786941528,-39.7657470703125,3.4017114063383313e-18,-174.68301391601562
481,2.9434822863549925e-06,2943.482177734375,883.044677734375,-4.767362615787363e-10,-9.730132255469925e-10,1.0835277119980447e-09,-2.026378631591797,-116.10293579101562,1.1740323326475381e-18,-179.30320739746094
482,1.0552920457485016e-06,1055.2919921875,316.5876159667969,2.4208128834857234e-09,1.3006353327682518e-08,1.3229723094809742e-08,1.3867765665054321,79.4564437866211,1.7502556779492868e-16,-157.56898498535156
483,1.01618854841945e-06,1016.1885375976562,304.8565673828125,-1.5090703131548366e-09,2.411691957249218e-09,2.8449167466249037e-09,2.1299209594726562,122.03547668457031,8.093551185066937e-18,-170.91860961914062
484,1.0548243380981148e-06,1054.8243408203125,316.4472961425781,5.6042129270572616e-11,-9.136134210274705e-11,1.0718029241907345e-10,-1.0205734968185425,-58.474552154541016,1.1487615351878655e-20,-199.397705078125
485,1.7000647858367302e-06,1700.0648193359375,510.0194396972656,-8.275664042933784e-10,-2.0403827516446427e-09,2.2018238343690655e-09,-1.956115484237671,-112.07715606689453,4.8480282287860215e-18,-173.14434814453125
486,1.7536214045321685e-06,1753.6214599609375,526.08642578125,-3.6702300920676834e-11,-9.068112927224092e-11,9.782702425908951e-11,-1.9553824663162231,-112.03515625,9.570126681449775e-21,-200.19082641601562
487,1.7000648995235679e-06,1700.06494140625,510.01947021484375,-7.375846461377122e-11,-1.818530187547296e-10,1.9624175895405216e-10,-1.9561156034469604,-112.07716369628906,3.85108280587811e-20,-194.1441650390625
488,4.7230884092641645e-07,472.308837890625,141.69265747070312,-1.878955435685725e-09,3.517988567125485e-09,3.988322561099267e-09,2.061349868774414,118.10664367675781,1.5906716266619224e-17,-167.98419189453125
489,5.223272978582827e-07,522.3272705078125,156.6981964111328,-1.752074041405649e-10,3.735962927908787e-10,4.126400610093839e-10,2.009317398071289,115.12539672851562,1.7027182037159053e-19,-187.68858337402344
490,5.223272978582827e-07,522.3272705078125,156.6981964111328,-2.8925226103204693e-10,6.165506438726709e-10,6.810297326076409e-10,2.009457588195801,115.13343048095703,4.63801513626978e-19,-183.336669921875
491,1.1003014606103534e-06,1100.301513671875,330.0904235839844,2.1892974932935516e-10,8.521747196787999e-10,8.798477502125479e-10,1.319327473640442,75.59188842773438,7.7413207230393e-19,-181.11184692382812
492,1.6987859225991997e-06,1698.785888671875,509.6357727050781,4.4094250473136753e-10,9.910916531907787e-10,1.0847547304848604e-09,1.1521867513656616,66.01543426513672,1.1766928556902384e-18,-179.29336547851562
493,5.222612458055664e-07,522.26123046875,156.67837524414062,2.2231370078173995e-09,-5.597919350286418e-10,2.2925323861500146e-09,-0.24667461216449738,-14.133413314819336,5.2557046072730875e-18,-172.793701171875
494,1.6232237385338522e-06,1623.2237548828125,486.9671325683594,3.3747080685486708e-09,-5.217333232110377e-09,6.213631831286648e-09,-0.9966554641723633,-57.104148864746094,3.860922088245155e-17,-164.13308715820312
495,1.648796683184628e-06,1648.796630859375,494.6390075683594,8.193525857791428e-09,1.7952407560528627e-08,1.9733798595211738e-08,1.1426308155059814,65.4679183959961,3.8942281516501334e-16,-154.0957794189453
496,1.1395212595743942e-06,1139.521240234375,341.85638427734375,-1.718626491120645e-10,9.116156440835965e-11,1.9454357569337333e-10,2.6538963317871094,152.0570526123047,3.7847203025314827e-20,-194.21966552734375
497,1.1163638191646896e-06,1116.36376953125,334.9091491699219,-2.766258055952875e-10,-3.9035299992384864e-10,4.784321272488512e-10,-2.187307834625244,-125.32350158691406,2.288972898587031e-19,-186.40359497070312
498,1.4163622381602181e-06,1416.3621826171875,424.9086608886719,-1.5392512819900617e-09,3.9887770864055483e-10,1.5900937233581658e-09,2.8880326747894287,165.47207641601562,2.5283981038426087e-18,-175.97154235839844
499,1.0154892606806243e-06,1015.4892578125,304.64678955078125,-1.183056141940142e-08,-7.615835073693233e-09,1.4069936327132382e-08,-2.569628953933716,-147.2288818359375,1.9796311412745673e-16,-157.03416442871094
500,1.1375350368325599e-06,1137.5350341796875,341.260498046875,-4.541078346687044e-10,-5.839171368648977e-10,7.397115697749257e-10,-2.2317862510681152,-127.8719253540039,5.471732026625625e-19,-182.61874389648438
501,1.1383154969735187e-06,1138.3155517578125,341.4946594238281,4.5299794471098664e-10,2.1807242678306693e-09,2.2272776956100415e-09,1.3659809827804565,78.26493835449219,4.9607659152417925e-18,-173.0445098876953
502,1.0552920457485016e-06,1055.2919921875,316.5876159667969,2.420712963413507e-09,1.3006991039787863e-08,1.3230331497027237e-08,1.3867928981781006,79.4573745727539,1.7504167465581631e-16,-157.56858825683594
503,1.0552920457485016e-06,1055.2919921875,316.5876159667969,6.213783931841022e-10,-4.096775141348985e-10,7.442760296960671e-10,-0.5828883051872253,-33.397037506103516,5.539468296023944e-19,-182.56532287597656
504,5.227672659202653e-07,522.7672729492188,156.83018493652344,1.4165567607804519e-09,-1.1797859356121876e-09,1.8435095672231228e-09,-0.6944557428359985,-39.78937911987305,3.3985275881606147e-18,-174.68710327148438
505,1.7759480215318035e-06,1775.947998046875,532.784423828125,-3.768355849587124e-09,-3.133886206097003e-10,3.781364998900472e-09,-3.0586204528808594,-175.24603271484375,1.4298721823569216e-17,-168.44703674316406
506,1.6232237385338522e-06,1623.2237548828125,486.9671325683594,4.729780123113869e-09,1.1353487927578954e-08,1.2299288698613964e-08,1.1760681867599487,67.38374328613281,1.5127250078776215e-16,-158.202392578125
507,1.0552920457485016e-06,1055.2919921875,316.5876159667969,2.848003222144513e-10,1.5304941758387258e-09,1.5567670486049678e-09,1.3868167400360107,79.458740234375,2.4235235962897668e-18,-176.15553283691406
508,1.0548243380981148e-06,1054.8243408203125,316.4472961425781,1.4096404044039446e-09,-2.298360390895482e-09,2.6962094779037216e-09,-1.020637035369873,-58.47819137573242,7.269545291704888e-18,-171.38491821289062
509,9.752026244314038e-07,975.20263671875,292.560791015625,-6.535569863075352e-10,-4.347935345094811e-09,4.3967807172862194e-09,-1.7199935913085938,-98.54837036132812,1.9331680753952187e-17,-167.13729858398438
510,1.8529360659158556e-06,1852.93603515625,555.8807983398438,1.7370126448312817e-09,-5.314742868023359e-09,5.591395346726813e-09,-1.254910945892334,-71.9011001586914,3.126370153302551e-17,-165.04959106445312
511,1.1015505378964008e-06,1101.550537109375,330.46514892578125,-3.516396895886231e-11,-1.564876977999674e-10,1.6038985417576868e-10,-1.7918323278427124,-102.66442108154297,2.5724905075680018e-20,-195.89645385742188
512,1.1156095069964067e-06,1115.6094970703125,334.682861328125,3.934107795089403e-08,4.0474446016958154e-09,3.954873406541992e-08,0.10252019017934799,5.873973846435547,1.5641023471587028e-15,-148.05734252929688
513,1.3664957805303857e-06,1366.4957275390625,409.94873046875,9.860845011644415e-07,5.8291337978744195e-08,9.878059472612222e-07,0.059045225381851196,3.383042097091675,9.75760596454156e-13,-120.1065673828125
514,1.3664958942172234e-06,1366.495849609375,409.9487609863281,6.216230019617797e-08,3.6747986875695915e-09,6.22708213882106e-08,0.05904747545719147,3.3831708431243896,3.877654999125037e-15,-144.1143035888672
515,1.6857699165484519e-06,1685.7698974609375,505.7309875488281,3.014380354215973e-07,4.060025204921658e-08,3.0415995411203767e-07,0.13388285040855408,7.670921802520752,9.251327731229358e-14,-130.3379669189453
516,1.3664958942172234e-06,1366.495849609375,409.9487609863281,9.860841601039283e-07,5.8291309557034765e-08,9.87805606200709e-07,0.0590452179312706,3.3830416202545166,9.757599459328525e-13,-120.10657501220703
517,9.915836471918738e-07,991.5836181640625,297.47509765625,-4.0158358416420015e-08,-1.6017266091239435e-07,1.6513017442321143e-07,-1.8164516687393188,-104.07501220703125,2.7267974323278397e-14,-135.6434783935547
518,1.6857699165484519e-06,1685.7698974609375,505.7309875488281,3.0143834806040104e-07,4.060036218334062e-08,3.041602667508414e-07,0.1338830590248108,7.670933723449707,9.251346704767377e-14,-130.33795166015625
519,1.0754713457572507e-06,1075.4713134765625,322.64141845703125,4.4439624957703927e-07,6.756921244743808e-09,4.444475791842706e-07,0.015203549526631832,0.8710991740226746,1.9753365338836398e-13,-127.04359436035156
520,1.0754714594440884e-06,1075.471435546875,322.6414489746094,6.039908129196192e-08,9.185372462638952e-10,6.040606592705444e-08,0.015206629410386086,0.8712756633758545,3.648892999411806e-15,-144.37838745117188
521,1.0350652246415848e-06,1035.065185546875,310.5195617675781,-3.6834582051170628e-09,-1.1492269358370777e-08,1.2068145593957524e-08,-1.880967378616333,-107.771484375,1.4564014197010488e-16,-158.3671875
522,9.911768756865058e-07,991.1768798828125,297.3530578613281,-5.6782489821216586e-08,-5.60496395962673e-08,7.978604088521024e-08,-2.36268949508667,-135.37213134765625,6.3658121641021765e-15,-141.96145629882812
523,1.6340425190719543e-06,1634.04248046875,490.2127685546875,2.5383053881000706e-08,5.231278521478089e-08,5.8145737114045914e-08,1.1190448999404907,64.11654663085938,3.3809267150096195e-15,-144.7096405029297
524,1.687057533672487e-06,1687.0574951171875,506.11724853515625,1.1936229782349983e-08,2.5010136184278053e-08,2.771245988242299e-08,1.1255091428756714,64.48692321777344,7.679804210782406e-16,-151.14649963378906
525,1.8847788396669785e-06,1884.77880859375,565.4336547851562,-2.9019155078913172e-08,-4.622162652623274e-10,2.902283569028441e-08,-3.1256661415100098,-179.08746337890625,8.423249793147833e-16,-150.74520874023438
526,1.6327669527527178e-06,1632.7669677734375,489.830078125,6.408804438251536e-07,4.921907859056773e-08,6.427676453313325e-07,0.07664870470762253,4.391646862030029,4.131502540256904e-13,-123.83892059326172
527,1.6857696891747764e-06,1685.7696533203125,505.73089599609375,1.4526372993373116e-08,1.956550699233617e-09,1.4657544511464948e-08,0.13388383388519287,7.67097806930542,2.1484360726350808e-16,-156.67877197265625
528,1.6327670664395555e-06,1632.76708984375,489.8301086425781,3.206659471288731e-07,2.46270968062845e-08,3.2161025842469826e-07,0.07664938271045685,4.391685962677002,1.0343315830566024e-13,-129.8533935546875
529,1.0552444109634962e-06,1055.244384765625,316.5733337402344,-8.288331798667059e-09,-3.8339226904327006e-08,3.922490066088358e-08,-1.7837039232254028,-102.19869995117188,1.538592785281837e-15,-148.12876892089844
530,1.035065110954747e-06,1035.0650634765625,310.51953125,-8.667218054370096e-08,-2.7042349870498583e-07,2.839734918325121e-07,-1.8809576034545898,-107.77092742919922,8.064094503918914e-14,-130.9344482421875
531,1.4598109601138276e-06,1459.8109130859375,437.94329833984375,-6.6133618581432074e-09,-3.1744629147567593e-10,6.620975767646087e-09,-3.0936286449432373,-177.25186157226562,4.383731999114191e-17,-163.58155822753906
532,1.63276683906588e-06,1632.766845703125,489.8300476074219,3.2066515132100903e-07,2.4627018646583565e-08,3.216094626168342e-07,0.07664933055639267,4.391683101654053,1.0343264330962831e-13,-129.85342407226562
533,1.8847788396669785e-06,1884.77880859375,565.4336547851562,-1.9081039681623224e-07,-3.0394968764113628e-09,1.9083459790181223e-07,-3.125664710998535,-179.08738708496094,3.641784275401974e-14,-134.38685607910156
534,2.288574250997044e-06,2288.57421875,686.572265625,-4.880066128976068e-08,-4.8299955146546836e-09,4.903910166831338e-08,-3.0429399013519287,-174.3476104736328,2.4048334751645495e-15,-146.18914794921875
535,1.367370032312465e-06,1367.3699951171875,410.21099853515625,-6.005568309319642e-08,2.6414900489157844e-08,6.560816956380222e-08,2.727219820022583,156.2581787109375,4.304431702566169e-15,-143.6608428955078
536,1.115609393309569e-06,1115.609375,334.6828308105469,3.934070491595776e-08,4.047386426009325e-09,3.954835392505629e-08,0.1025196835398674,5.8739447593688965,1.5640722774890752e-15,-148.05743408203125
537,1.6857699165484519e-06,1685.7698974609375,505.7309875488281,1.4526364999767338e-08,1.956552919679666e-09,1.4657536517859171e-08,0.13388404250144958,7.670989990234375,2.1484338227038146e-16,-156.6787872314453
538,1.116838234338502e-06,1116.8382568359375,335.0514831542969,9.902179076703987e-10,3.3643920982484588e-09,3.5070879533805055e-09,1.2845559120178223,73.59962463378906,1.2299666165406189e-17,-169.10107421875
539,9.91583533505036e-07,991.5835571289062,297.4750671386719,-1.274224956659964e-07,-5.082444545223552e-07,5.23974165389518e-07,-1.8164440393447876,-104.07456970214844,2.745489382713351e-13,-125.61380004882812
540,1.1156095069964067e-06,1115.6094970703125,334.682861328125,3.934069070510304e-08,4.047383761474066e-09,3.9548339714201575e-08,0.10251965373754501,5.873943328857422,1.5640712186978912e-15,-148.05743408203125
541,1.3664958942172234e-06,1366.495849609375,409.9487609863281,6.216210124421195e-08,3.6747862530717157e-09,6.22706224362446e-08,0.05904746428132057,3.3831703662872314,3.877630435169567e-15,-144.1143341064453
542,1.0350652246415848e-06,1035.065185546875,310.5195617675781,-3.683398253073733e-09,-1.1492234719412409e-08,1.2068094079609182e-08,-1.8809635639190674,-107.77127075195312,1.456388978904636e-16,-158.36721801757812
543,1.0754715731309261e-06,1075.4715576171875,322.6414794921875,6.039907418653456e-08,9.185372462638952e-10,6.040605882162708e-08,0.015206631273031235,0.8712757229804993,3.6488921523788586e-15,-144.37838745117188
544,5.206169362281798e-07,520.616943359375,156.18507385253906,-2.8701515830675817e-08,3.280382898651624e-08,4.3587476739048725e-08,2.2895946502685547,131.18409729003906,1.899868219153557e-15,-147.2127685546875
545,5.204476565268124e-07,520.4476318359375,156.13429260253906,-2.2021731993504545e-08,4.9718109629282026e-09,2.257599795996157e-08,2.9195470809936523,167.2777099609375,5.096756591702327e-16,-152.92706298828125
546,5.204476565268124e-07,520.4476318359375,156.13429260253906,-2.2021621859380502e-08,4.972029010730239e-09,2.257593756382903e-08,2.919536590576172,167.27711486816406,5.096729592527134e-16,-152.9270782470703
547,1.620560738047061e-06,1620.560791015625,486.168212890625,7.520343388023321e-07,7.116728539813266e-08,7.553942396043567e-07,0.09435204416513443,5.405973434448242,5.706204822888972e-13,-122.4365234375
548,4.726742872662726e-07,472.6742858886719,141.8022918701172,3.8662042456394374e-09,-8.147450714091065e-09,9.018231494906104e-09,-1.1277320384979248,-64.6142807006836,8.132849708788719e-17,-160.8975830078125
549,5.206169362281798e-07,520.616943359375,156.18507385253906,-1.7636446969504505e-08,2.0149910184841247e-08,2.677803401240908e-08,2.2897746562957764,131.1944122314453,7.170631000968572e-16,-151.44442749023438
550,5.204476565268124e-07,520.4476318359375,156.13429260253906,-3.630319156400219e-08,8.190475853098178e-09,3.7215663439837954e-08,2.919694662094116,167.2861785888672,1.385005594912135e-15,-148.58547973632812
551,5.206169362281798e-07,520.616943359375,156.18507385253906,-2.8709578714369854e-08,3.2799214011447475e-08,4.3589313492020665e-08,2.2898035049438477,131.19607543945312,1.9000283083805882e-15,-147.21240234375
552,1.0350167940487154e-06,1035.016845703125,310.5050354003906,4.038132939143679e-09,1.1428133994684231e-08,1.2120592529640817e-08,1.23114013671875,70.53913116455078,1.469087590970754e-16,-158.32952880859375
553,1.0350167940487154e-06,1035.016845703125,310.5050354003906,4.038283041296609e-09,1.1428094026655344e-08,1.2120604075960273e-08,1.2311272621154785,70.53839111328125,1.4690903702976123e-16,-158.3295135498047
554,9.915330565490876e-07,991.5330810546875,297.4599304199219,4.527554864353078e-08,1.5960016241933772e-07,1.6589783058407193e-07,1.2943774461746216,74.16236114501953,2.7522090983718266e-14,-135.6031951904297
555,5.206169362281798e-07,520.616943359375,156.18507385253906,-2.870216064820852e-08,3.280307936393001e-08,4.358733818321525e-08,2.2896170616149902,131.18539428710938,1.8998561489340588e-15,-147.21279907226562
556,9.915330565490876e-07,991.5330810546875,297.4599304199219,4.527248265162598e-08,1.5960057453412446e-07,1.6589737583672104e-07,1.294395923614502,74.16342163085938,2.752193851778776e-14,-135.60321044921875
557,9.915330565490876e-07,991.5330810546875,297.4599304199219,4.5268407689036394e-08,1.5960166876993753e-07,1.6589731899330218e-07,1.2944213151931763,74.16487121582031,2.752191988306292e-14,-135.60321044921875
558,1.6205608517338987e-06,1620.560791015625,486.1682434082031,7.520330882471171e-07,7.116717171129494e-08,7.553929890491418e-07,0.09435205161571503,5.4059739112854,5.706185849350953e-13,-122.43653869628906
559,9.907258800012642e-07,990.7258911132812,297.2177734375,-1.0039939013495314e-07,-1.2971464968813962e-07,1.640302684791095e-07,-2.229482650756836,-127.73993682861328,2.6905928724699386e-14,-135.70152282714844
560,1.0350167940487154e-06,1035.016845703125,310.5050354003906,4.038205325684885e-09,1.1428110013866899e-08,1.2120594305997656e-08,1.2311338186264038,70.53876495361328,1.4690881203663461e-16,-158.32952880859375
561,4.7267806735362683e-07,472.6780700683594,141.8034210205078,2.5450090035405992e-08,-1.587535081171154e-08,2.999556514282631e-08,-0.5577242374420166,-31.955244064331055,8.997339608039236e-16,-150.4588623046875
562,5.206169362281798e-07,520.616943359375,156.18507385253906,-2.8709285615491353e-08,3.28000311355936e-08,4.358973626494844e-08,2.2897861003875732,131.195068359375,1.9000651543137938e-15,-147.21231079101562
563,4.7267806735362683e-07,472.6780700683594,141.8034210205078,2.5450402674209727e-08,-1.5874601189125315e-08,2.999543369242019e-08,-0.5576974749565125,-31.953710556030273,8.997260198700431e-16,-150.45889282226562
564,4.82183679650916e-07,482.1836853027344,144.6551055908203,6.116907425024465e-09,-1.1074384076437127e-08,1.2651423908494053e-08,-1.0661526918411255,-61.08604431152344,1.600585220867248e-16,-157.95721435546875
565,1.0350167940487154e-06,1035.016845703125,310.5050354003906,4.037993495131786e-09,1.1428169521821019e-08,1.2120579206964521e-08,1.231151819229126,70.53980255126953,1.469084414597202e-16,-158.32952880859375
566,4.82183679650916e-07,482.1836853027344,144.6551055908203,-3.6690741556100193e-09,-3.4954503735917797e-09,5.067571251515801e-09,-2.3804235458374023,-136.38821411132812,2.5680278720406873e-17,-165.9040069580078
567,4.82183679650916e-07,482.1836853027344,144.6551055908203,6.115239870041478e-09,-1.1072382122279123e-08,1.2648866842823736e-08,-1.066191554069519,-61.08827209472656,1.5999382994537825e-16,-157.95896911621094
568,4.726781241970457e-07,472.6781311035156,141.80343627929688,2.478125438187817e-08,-1.5455254853691258e-08,2.9205743601323775e-08,-0.5576403141021729,-31.950435638427734,8.529754657144405e-16,-150.6906280517578
569,4.7267806735362683e-07,472.6780700683594,141.8034210205078,2.478090088686713e-08,-1.5456251389878162e-08,2.9205970974999218e-08,-0.5576756596565247,-31.95245933532715,8.529887535438005e-16,-150.69056701660156
570,3.775173240683216e-07,377.517333984375,113.25519561767578,-0.0001481244689784944,-1.1721220289473422e-05,0.00014858751092106104,-3.062626361846924,-175.47555541992188,2.2078248562706904e-08,-76.56035614013672
571,9.915331702359254e-07,991.5331420898438,297.4599609375,1.436324197356953e-07,5.064228503215418e-07,5.26397514022392e-07,1.294432520866394,74.16551971435547,2.770943468167336e-13,-125.57372283935547
572,9.915331702359254e-07,991.5331420898438,297.4599609375,1.4365183176323626e-07,5.064199513071799e-07,5.264000719762407e-07,1.2943955659866333,74.16339874267578,2.770970302171105e-13,-125.57368469238281
573,9.907257663144264e-07,990.7257690429688,297.2177429199219,-1.0040105991038217e-07,-1.2971611340617528e-07,1.6403244273988093e-07,-2.229485034942627,-127.74007415771484,2.6906641926440975e-14,-135.701416015625
574,5.204476565268124e-07,520.4476318359375,156.13429260253906,-3.630354328265639e-08,8.190642830641082e-09,3.7216043580201585e-08,2.9196925163269043,167.2860565185547,1.3850338646367497e-15,-148.58538818359375
575,4.821836228074972e-07,482.1836242675781,144.65509033203125,6.115185247068666e-09,-1.1072850192306305e-08,1.2649249647722627e-08,-1.0662132501602173,-61.089515686035156,1.6000351788471247e-16,-157.95870971679688
576,1.6353793625967228e-06,1635.37939453125,490.6138000488281,-3.892817179718122e-09,-9.726101701801326e-09,1.0476215450694326e-08,-1.9515132904052734,-111.81346893310547,1.0975109129714416e-16,-159.59591674804688
577,1.7129532352555543e-06,1712.9532470703125,513.885986328125,-3.2741306887906774e-10,-7.456902872959859e-10,8.144036556245737e-10,-1.9845269918441772,-113.70501708984375,6.632533191785071e-19,-181.783203125
578,1.688404722699488e-06,1688.4046630859375,506.52142333984375,-1.8471856266799591e-09,-4.6100829820261424e-09,4.966382860516205e-09,-1.9518920183181763,-111.83516693115234,2.466495918625111e-17,-166.07919311523438
579,4.844085879085469e-07,484.4085998535156,145.32257080078125,-1.1927589471660838e-10,-1.532677595950105e-10,1.94210564297137e-10,-2.232114315032959,-127.8907241821289,3.771774279710174e-20,-194.2345428466797
580,1.6884044953258126e-06,1688.404541015625,506.5213623046875,-8.904253723240885e-11,-2.2223632656359626e-10,2.394108522540961e-10,-1.9518766403198242,-111.83428955078125,5.731755476699845e-20,-192.41712951660156
581,1.688404722699488e-06,1688.4046630859375,506.52142333984375,-1.381774472619668e-09,2.098943685524546e-09,2.5129396341583288e-09,2.1529974937438965,123.357666015625,6.314865541074774e-18,-171.99636840820312
582,9.752026244314038e-07,975.20263671875,292.560791015625,-1.7444774513819539e-09,1.242027480863328e-09,2.1414561235388874e-09,2.522873640060425,144.5500030517578,4.585834308483251e-18,-173.38580322265625
583,9.940974905475741e-07,994.0974731445312,298.229248046875,-1.7560031206897975e-09,-1.7748410741091902e-08,1.7835068533145204e-08,-1.6694139242172241,-95.6503677368164,3.180896708141964e-16,-154.97450256347656
584,9.916797125697485e-07,991.6796875,297.50390625,9.311959203728293e-09,7.468398344201432e-09,1.1936898580700017e-08,0.6759728193283081,38.73038864135742,1.424895499832333e-16,-158.46217346191406
585,1.1379611351003405e-06,1137.961181640625,341.3883361816406,2.552724698290376e-10,2.3719676223166175e-10,3.4846281415923386e-10,0.7487103939056396,42.89794158935547,1.2142632698654262e-19,-189.15687561035156
586,1.037643642121111e-06,1037.6436767578125,311.2930908203125,-7.501076842997279e-11,-3.923505131897542e-10,3.9945655117001877e-10,-1.759699821472168,-100.8233642578125,1.595655312304372e-19,-187.97059631347656
587,1.688404722699488e-06,1688.4046630859375,506.52142333984375,-1.8471909557504773e-09,-4.610078541134044e-09,4.966380640070156e-09,-1.9518933296203613,-111.83524322509766,2.4664936025193958e-17,-166.07919311523438
588,2.3642023734282702e-06,2364.202392578125,709.2607421875,1.574553820660185e-08,1.558603135443093e-09,1.582248998488467e-08,0.09866555035114288,5.653119087219238,2.5035120194262875e-16,-156.01449584960938
589,2.3468551262340043e-06,2346.855224609375,704.0565185546875,-7.291278691923253e-11,-1.5456627644461207e-10,1.7090058535007557e-10,-2.011569023132324,-115.25440979003906,2.920701072151435e-20,-195.3451385498047
590,1.1181565469087218e-06,1118.156494140625,335.44696044921875,-2.508624696861972e-10,1.7972255628162515e-10,3.0859712008002305e-10,2.519932270050049,144.3814697265625,9.523217947458489e-20,-190.212158203125
591,9.924825690177386e-07,992.4825439453125,297.7447814941406,3.4978504537264143e-09,-5.974477357284513e-09,6.92310209160496e-09,-1.0411324501037598,-59.65249252319336,4.7929342776772334e-17,-163.19398498535156
592,1.037643642121111e-06,1037.6436767578125,311.2930908203125,8.868215189972162e-11,3.689638872206302e-11,9.605138212576136e-11,0.3942672610282898,22.5898494720459,9.225867681437129e-21,-200.34991455078125
593,1.9091569356533e-06,1909.156982421875,572.7470703125,1.0071113387688513e-10,-4.1855252597144954e-10,4.30498470205265e-10,-1.334667444229126,-76.47080993652344,1.8532893736310501e-19,-187.32057189941406
594,9.940974905475741e-07,994.0974731445312,298.229248046875,-2.3909274560196536e-09,1.1873393379602248e-09,2.6695148314104244e-09,2.6806671619415283,153.59091186523438,7.12630904247398e-18,-171.47134399414062
595,1.0779499461932573e-06,1077.949951171875,323.3849792480469,-1.1067276955989414e-10,-9.647213028429746e-10,9.710487969272208e-10,-1.6850168704986572,-96.54434967041016,9.429357504858155e-19,-180.25518798828125
596,1.1181566605955595e-06,1118.1566162109375,335.4469909667969,-1.2183327957604462e-10,-6.28519070122735e-10,6.4021837831163e-10,-1.762263536453247,-100.97026062011719,4.0987957404860096e-19,-183.87344360351562
597,1.6884046090126503e-06,1688.4046630859375,506.5213928222656,-1.38179800934779e-09,2.098924811733127e-09,2.5129367475784647e-09,2.1530094146728516,123.35834503173828,6.3148510654140544e-18,-171.99636840820312
598,1.6353794762835605e-06,1635.3795166015625,490.61383056640625,-1.9499533099320843e-09,-4.871883785284581e-09,5.24762544529267e-09,-1.9515149593353271,-111.81356811523438,2.7537572165190563e-17,-165.60073852539062
599,1.688404722699488e-06,1688.4046630859375,506.52142333984375,-8.904381398888717e-11,-2.2223595186332545e-10,2.3941099103197416e-10,-1.951882243156433,-111.83460998535156,5.731762585283234e-20,-192.41712951660156
600,1.9091569356533e-06,1909.156982421875,572.7470703125,2.936447751622495e-09,-1.2203362764751091e-08,1.2551685024675407e-08,-1.334659457206726,-76.47035217285156,1.5754479299707005e-16,-158.0259552001953
601,1.1181565469087218e-06,1118.156494140625,335.44696044921875,-2.508729335382043e-10,1.7972277832623007e-10,3.086057520640395e-10,2.519951343536377,144.382568359375,9.523751091212673e-20,-190.21192932128906
602,4.7456489937758306e-07,474.5649108886719,142.36947631835938,2.01984443060077e-10,-3.959438332756804e-10,4.4448761338244935e-10,-1.099074363708496,-62.972320556640625,1.9756923295023794e-19,-187.04281616210938
603,1.688404722699488e-06,1688.4046630859375,506.52142333984375,-8.904094128681095e-11,-2.2223660411935242e-10,2.394105191871887e-10,-1.951870083808899,-111.83390808105469,5.73173996706336e-20,-192.41714477539062
604,1.3683185215995763e-06,1368.3184814453125,410.49554443359375,8.878220381092206e-10,-3.755233068947206e-10,9.63973900702797e-10,-0.4001511335372925,-22.926969528198242,9.292457045529098e-19,-180.31869506835938
605,5.224231927059009e-07,522.4232177734375,156.72695922851562,1.9452767174854557e-10,-3.5875205584012804e-10,4.0809811086006675e-10,-1.07393479347229,-61.53192901611328,1.6654406631763496e-19,-187.7847137451172
606,1.0772054110930185e-06,1077.2054443359375,323.16162109375,6.867627022622003e-10,-9.810321444092551e-10,1.1975254121665557e-09,-0.9600428342819214,-55.00640106201172,1.4340671047563924e-18,-178.43431091308594
607,4.7456967422476737e-07,474.5696716308594,142.3708953857422,5.649421486175754e-10,-3.311410312623053e-10,6.548389608340699e-10,-0.530173659324646,-30.376710891723633,4.288140743120636e-19,-183.67730712890625
608,1.037643642121111e-06,1037.6436767578125,311.2930908203125,-7.501316234836963e-11,-3.92352622613501e-10,3.994590769273998e-10,-1.7597047090530396,-100.82364654541016,1.5956756040787737e-19,-187.97056579589844
609,1.1181565469087218e-06,1118.156494140625,335.44696044921875,-1.218268402825018e-10,-6.284998077532578e-10,6.40198227763733e-10,-1.7622594833374023,-100.97002410888672,4.0985377635324696e-19,-183.87371826171875
610,1.7129532352555543e-06,1712.9532470703125,513.885986328125,-3.2740757327509584e-10,-7.456940065431183e-10,8.144048768699008e-10,-1.9845188856124878,-113.70455169677734,6.63255283732462e-19,-181.783203125
611,1.037643642121111e-06,1037.6436767578125,311.2930908203125,-7.499775800390296e-11,-3.923577573949899e-10,3.994612141067222e-10,-1.7596644163131714,-100.82134246826172,1.5956926646789076e-19,-187.9705047607422
612,1.0779498325064196e-06,1077.9498291015625,323.38494873046875,-8.168118403872882e-10,-7.11434777755926e-09,7.161083726003881e-09,-1.685107707977295,-96.54955291748047,5.1281121632229055e-17,-162.90042114257812
613,1.7635977656027535e-06,1763.5977783203125,529.079345703125,-1.7564190379903977e-10,-4.109410312036488e-10,4.4690334766173123e-10,-1.9747097492218018,-113.14252471923828,1.9972260380456368e-19,-186.9957275390625
614,5.227672659202653e-07,522.7672729492188,156.83018493652344,-4.9241929978016685e-11,-6.540649688524525e-10,6.559159326791075e-10,-1.6459405422210693,-94.3054428100586,4.3022570972617363e-19,-183.6630401611328
615,1.0779499461932573e-06,1077.949951171875,323.3849792480469,-8.166954890143074e-10,-7.114404176888911e-09,7.161126802657236e-09,-1.6850906610488892,-96.54857635498047,5.1281737054604794e-17,-162.90037536621094
616,1.037643642121111e-06,1037.6436767578125,311.2930908203125,-1.5197150482482158e-10,1.2357811995933332e-10,1.9587467758874766e-10,2.4588749408721924,140.88314819335938,3.836688893867407e-20,-194.1604461669922
617,1.0161886621062877e-06,1016.1886596679688,304.8565979003906,-1.5092987970533045e-09,2.411632227250493e-09,2.84498735680927e-09,2.130000114440918,122.04000854492188,8.093953194844638e-18,-170.91839599609375
618,1.3683815041076741e-06,1368.3814697265625,410.51446533203125,2.1771242586510198e-09,-4.065020764443261e-09,4.611318882297155e-09,-1.0790952444076538,-61.827598571777344,2.1264262523729228e-17,-166.72349548339844
619,1.116408611778752e-06,1116.4085693359375,334.9225769042969,2.648769537039186e-10,3.96101568211904e-10,4.765042249665896e-10,0.9813806414604187,56.228965759277344,2.2705627015849563e-19,-186.43865966796875
620,1.0779498325064196e-06,1077.9498291015625,323.38494873046875,-1.1070641625643418e-10,-9.647225240883017e-10,9.710537929308316e-10,-1.6850512027740479,-96.54631805419922,9.42945469858013e-19,-180.255126953125
621,1.6884044953258126e-06,1688.404541015625,506.5213623046875,-8.904593035152786e-11,-2.2223506368490575e-10,2.3941093552082293e-10,-1.9518917798995972,-111.83515167236328,5.731759354108967e-20,-192.41712951660156
622,9.940973768607364e-07,994.0973510742188,298.2292175292969,-2.390920572636901e-09,1.1873516614357982e-09,2.6695139432320047e-09,2.680661916732788,153.59060668945312,7.126304906570918e-18,-171.47134399414062
623,1.688404722699488e-06,1688.4046630859375,506.52142333984375,-1.381784353604587e-09,2.098939910766262e-09,2.512941854604378e-09,2.153001546859741,123.35789489746094,6.3148767080130436e-18,-171.996337890625
624,1.8859370811696863e-06,1885.9371337890625,565.7811279296875,4.3089918300154295e-09,-1.4665184622231209e-08,1.52851242773977e-08,-1.2850146293640137,-73.62590789794922,2.3363503319834473e-16,-156.3146209716797
625,1.0376434147474356e-06,1037.6434326171875,311.29302978515625,-1.763758472606014e-09,-9.22557319427142e-09,9.392659983120666e-09,-1.7596982717514038,-100.82328033447266,8.822206149422651e-17,-160.54421997070312
626,1.368447328786715e-06,1368.4473876953125,410.5342102050781,1.1800638244352513e-09,-4.785071894275461e-09,4.928434549356098e-09,-1.3290073871612549,-76.1465072631836,2.4289467164627563e-17,-166.14581298828125
627,1.0779498325064196e-06,1077.9498291015625,323.38494873046875,-4.1486258872680537e-10,1.7703920274225737e-10,4.510585516204202e-10,2.7382476329803467,156.89002990722656,2.0345382167733432e-19,-186.91534423828125
628,1.1181566605955595e-06,1118.1566162109375,335.4469909667969,-1.2183719311220642e-10,-6.285156839425099e-10,6.402158247986733e-10,-1.7622705698013306,-100.97065734863281,4.098762911755449e-19,-183.8734588623047
629,9.940973768607364e-07,994.0973510742188,298.2292175292969,-5.553218995757447e-10,-5.610379716358693e-09,5.637795563728787e-09,-1.669456124305725,-95.65278625488281,3.178473929215021e-17,-164.97781372070312
630,1.1181566605955595e-06,1118.1566162109375,335.4469909667969,-2.508749596952242e-10,1.7971829580076815e-10,3.0860475286331734e-10,2.5199670791625977,144.3834686279297,9.523689052666732e-20,-190.21194458007812
631,2.3642026008019457e-06,2364.20263671875,709.2608032226562,1.5745497350394544e-08,1.5585990276179018e-09,1.5822449128677363e-08,0.09866555035114288,5.653119087219238,2.5034990492342826e-16,-156.0145263671875
632,1.7129532352555543e-06,1712.9532470703125,513.885986328125,-3.3855132031135327e-09,-7.710277749595207e-09,8.42081249174953e-09,-1.9845412969589233,-113.7058334350586,7.09100844808879e-17,-161.492919921875
633,4.844086447519658e-07,484.40863037109375,145.3225860595703,-1.1925717358085564e-10,-1.5322991486765858e-10,1.9416920848946972e-10,-2.2321581840515137,-127.89323425292969,3.770168062981658e-20,-194.23638916015625
634,1.0548243380981148e-06,1054.8243408203125,316.4472961425781,5.6040810880730874e-11,-9.136360418215972e-11,1.0718152754218835e-10,-1.0205950736999512,-58.47578811645508,1.1487879500375047e-20,-199.39759826660156
635,2.3468551262340043e-06,2346.855224609375,704.0565185546875,-7.291318937507896e-11,-1.5456619317788522e-10,1.7090066861680242e-10,-2.0115714073181152,-115.25454711914062,2.920703980208276e-20,-195.34512329101562
636,1.1181565469087218e-06,1118.156494140625,335.44696044921875,-1.2183454245473513e-10,-6.285082454482449e-10,6.402079977263497e-10,-1.7622686624526978,-100.97055053710938,4.098662874600118e-19,-183.8735809326172
637,9.940976042344118e-07,994.0975952148438,298.2292785644531,-5.553247861556088e-10,-5.610765185792843e-09,5.638179700895307e-09,-1.6694499254226685,-95.65242767333984,3.1789070409837537e-17,-164.97723388671875
638,1.4142502777758637e-06,1414.250244140625,424.27508544921875,6.721680156918097e-11,-1.365836055366998e-10,1.5222739735420987e-10,-1.1134650707244873,-63.796844482421875,2.3173180517337505e-20,-196.35012817382812
639,1.0764642865979113e-06,1076.4642333984375,322.9393005371094,4.819633581121252e-09,3.8892502551846064e-09,6.193152657374412e-09,0.6789703369140625,38.90213394165039,3.8355140776777315e-17,-164.16175842285156
640,1.0989616612278041e-06,1098.961669921875,329.6885070800781,-1.6115345724543317e-09,-4.5920067748284055e-09,4.866576475137663e-09,-1.908311367034912,-109.33818054199219,2.368356729209982e-17,-166.25552368164062
641,1.0156145435757935e-06,1015.6145629882812,304.6843566894531,-1.7202387070369696e-08,-8.273659801716349e-08,8.450601285403536e-08,-1.7757930755615234,-101.74544525146484,7.141266168632279e-15,-141.46224975585938
642,1.035016907735553e-06,1035.0169677734375,310.50506591796875,9.504003628535429e-08,2.689408802325488e-07,2.85239906361312e-07,1.2311079502105713,70.53728485107422,8.136180395862044e-14,-130.8957977294922
643,1.0337762432754971e-06,1033.7762451171875,310.13287353515625,1.343060915814931e-07,1.639319791024718e-08,1.3530285514207208e-07,0.12145768851041794,6.959012508392334,1.830686210263499e-14,-137.3738555908203
644,4.736261871585157e-07,473.6261901855469,142.08786010742188,5.74743230785657e-09,-3.510699730924216e-09,6.734833579713495e-09,-0.5483441352844238,-31.417802810668945,4.535798235947979e-17,-163.43345642089844
645,4.736263008453534e-07,473.6263122558594,142.087890625,5.747377240794549e-09,-3.5107838858294826e-09,6.734830915178236e-09,-0.5483590960502625,-31.418659210205078,4.535794596353284e-17,-163.4334716796875
646,1.412362166774983e-06,1412.3621826171875,423.7086486816406,3.2542981642791347e-08,1.1573478841953033e-09,3.256355540770528e-08,0.03554868698120117,2.036789655685425,1.0603850883163712e-15,-149.745361328125
647,1.0149130957870511e-06,1014.9130859375,304.47393798828125,2.5967032968310377e-08,2.0964336044926313e-08,3.337349596677086e-08,0.6792031526565552,38.915470123291016,1.1137901980033996e-15,-149.53196716308594
648,1.6474716630909825e-06,1647.4716796875,494.2414855957031,2.2069785643452633e-07,2.2033406210653084e-09,2.207088556360759e-07,0.0099831847473979,0.5719943046569824,4.871240062253972e-14,-133.1236114501953
649,1.053978508025466e-06,1053.978515625,316.19354248046875,-5.964381699641308e-08,-2.0487928509282938e-07,2.133844105856042e-07,-1.8540836572647095,-106.23116302490234,4.5532906600958406e-14,-133.416748046875
650,1.053978508025466e-06,1053.978515625,316.19354248046875,-2.0179289350608087e-08,-6.931683316224735e-08,7.219437492267389e-08,-1.8540834188461304,-106.23114776611328,5.212027929065626e-15,-142.82992553710938
651,1.0989616612278041e-06,1098.961669921875,329.6885070800781,-1.6113659295768912e-09,-4.592026758842849e-09,4.866539615733245e-09,-1.9082772731781006,-109.33622741699219,2.3683208295713973e-17,-166.25558471679688
652,1.0156144298889558e-06,1015.6144409179688,304.684326171875,-1.7202543389771563e-08,-8.273772778011335e-08,8.450715682783994e-08,-1.7757922410964966,-101.74539184570312,7.141459292144253e-15,-141.46212768554688
653,5.22671427916066e-07,522.6714477539062,156.80142211914062,-8.468534207217715e-10,7.918016242669523e-10,1.1593578319590847e-09,2.389777660369873,136.92416381835938,1.3441105927557913e-18,-178.7156524658203
654,5.213055374042597e-07,521.3055419921875,156.39166259765625,-8.990616251480787e-09,2.4324908753925456e-09,9.313871451865907e-09,2.8773598670959473,164.86056518554688,8.674820431366933e-17,-160.6173858642578
655,1.0337761295886594e-06,1033.776123046875,310.1328430175781,1.3430612000320252e-07,1.639319968660402e-08,1.353028835637815e-07,0.12145768105983734,6.959012031555176,1.8306870572964463e-14,-137.3738555908203
656,1.6974481695797294e-06,1697.4481201171875,509.23443603515625,1.1988610104651798e-08,9.970509973200592e-10,1.2030000107188243e-08,0.08297557383775711,4.754149913787842,1.4472089946409715e-16,-158.39468383789062
657,5.214711222834012e-07,521.4711303710938,156.4413299560547,-1.243847469467596e-09,2.417843703028666e-09,2.7190301121748917e-09,2.0459327697753906,117.22330474853516,7.393124420859085e-18,-171.3117218017578
658,4.7457621121793636e-07,474.5762023925781,142.37286376953125,1.2944950666948785e-09,-7.70544072992152e-10,1.5064711700318867e-09,-0.5369171500205994,-30.763084411621094,2.2694554169374775e-18,-176.4407958984375
659,9.903270665745367e-07,990.3270874023438,297.0981140136719,1.8866610389522975e-06,7.637676446847763e-08,1.8882063841374475e-06,0.040460411459207535,2.3182106018066406,3.5653233837473763e-12,-114.47900390625
660,9.903270665745367e-07,990.3270874023438,297.0981140136719,1.8866643358705915e-06,7.637687815531535e-08,1.8882096810557414e-06,0.04046040028333664,2.3182101249694824,3.5653357436521427e-12,-114.47899627685547
661,1.4123622804618208e-06,1412.3623046875,423.70867919921875,3.2542867955953625e-08,1.1573433322809024e-09,3.256344172086756e-08,0.03554867208003998,2.0367887020111084,1.0603777826572011e-15,-149.74539184570312
662,1.0531354064369225e-06,1053.1353759765625,315.94061279296875,3.253076030773627e-08,5.082618415030993e-08,6.034526478515545e-08,1.0014551877975464,57.379154205322266,3.6415509178250056e-15,-144.38714599609375
663,1.6218767768805264e-06,1621.8768310546875,486.5630187988281,-3.04806739848118e-08,-6.144984610045867e-08,6.859413304027839e-08,-2.031259059906006,-116.382568359375,4.70515494309918e-15,-143.27426147460938
664,9.927900919137755e-07,992.7901000976562,297.8370361328125,6.175906008820675e-09,3.0031763742499606e-08,3.0660210370569985e-08,1.3679780960083008,78.37936401367188,9.40048493928492e-16,-150.26849365234375
665,1.6218767768805264e-06,1621.8768310546875,486.5630187988281,-3.0481018598038645e-08,-6.144972530819359e-08,6.85941827782699e-08,-2.031264305114746,-116.38286590576172,4.705161719362758e-15,-143.2742462158203
666,1.6974481695797294e-06,1697.4481201171875,509.23443603515625,1.198863230911229e-08,9.970448910934238e-10,1.2030020535291897e-08,0.08297490328550339,4.754111289978027,1.4472138915501979e-16,-158.39466857910156
667,9.903270665745367e-07,990.3270874023438,297.0981140136719,5.995580067974515e-06,2.427379115488293e-07,6.00049179411144e-06,0.040464043617248535,2.3184187412261963,3.600590312013985e-11,-104.43626403808594
668,9.927900919137755e-07,992.7901000976562,297.8370361328125,1.2260052528745291e-08,-7.764218601380435e-09,1.451178643918638e-08,-0.5645413398742676,-32.34583282470703,2.1059195185454472e-16,-156.7655792236328
669,1.0363061164753162e-06,1036.30615234375,310.891845703125,6.072768399256745e-10,2.1202164468547835e-09,2.205471139049564e-09,1.2918424606323242,74.01712036132812,4.8641028296297645e-18,-173.12997436523438
670,1.8506308379073744e-06,1850.630859375,555.1892700195312,3.546639391061035e-07,2.2140854483154726e-08,3.5535435927158687e-07,0.06234678998589516,3.5722076892852783,1.262767153212621e-13,-128.9867706298828
671,1.6218767768805264e-06,1621.8768310546875,486.5630187988281,-3.0480929780196675e-08,-6.144960451592851e-08,6.859403356429539e-08,-2.031263828277588,-116.3828353881836,4.705141390572024e-15,-143.27426147460938
672,1.0375953252150794e-06,1037.5953369140625,311.2785949707031,3.5013276722395403e-09,-3.0242803816804553e-09,4.6266155351304405e-09,-0.712424099445343,-40.81889343261719,2.1405571442132887e-17,-166.69473266601562
673,2.353958279854851e-06,2353.958251953125,706.1875,-1.6090720977857131e-09,-2.155383788116083e-10,1.6234437127948809e-09,-3.0084333419799805,-172.3705291748047,2.6355694851613572e-18,-175.791259765625
674,9.920322554535232e-07,992.0322265625,297.60968017578125,2.7379325473475546e-09,-3.5253626684550454e-09,4.463681868571712e-09,-0.9104633927345276,-52.165706634521484,1.9924456578881163e-17,-167.00613403320312
675,1.0552919320616638e-06,1055.2919921875,316.58758544921875,7.144622671262368e-09,3.8391533507819986e-08,3.905067913478888e-08,1.3868021965026855,79.4579086303711,1.5249555548310428e-15,-148.1674346923828
676,1.0552920457485016e-06,1055.2919921875,316.5876159667969,7.144385971713518e-09,3.839134166128133e-08,3.905044465568608e-08,1.3868073225021362,79.45819854736328,1.5249372377435584e-15,-148.16748046875
677,1.0565106549620396e-06,1056.5106201171875,316.95318603515625,-1.0013890827664795e-09,6.036304234235956e-10,1.1692518064876367e-09,2.5991220474243164,148.91871643066406,1.367149744164501e-18,-178.64183044433594
678,1.1015505378964008e-06,1101.550537109375,330.46514892578125,-5.861740953738703e-11,5.3090261353805346e-11,7.908588367522285e-11,2.405632972717285,137.83261108398438,6.254577163906617e-21,-202.03802490234375
679,5.226713710726472e-07,522.67138671875,156.80140686035156,5.487415383198524e-11,4.086588567542293e-10,4.123266172939566e-10,1.4373161792755127,82.3521499633789,1.7001323595728822e-19,-187.69517517089844
680,1.8854860854844446e-06,1885.486083984375,565.6458129882812,-1.408179128858933e-09,-3.5927205654928684e-10,1.4532876013717555e-09,-2.891789436340332,-165.68731689453125,2.1120448075250146e-18,-176.75296020507812
681,1.9670239908009535e-06,1967.0240478515625,590.107177734375,4.038413006779429e-11,-1.8400926615758095e-10,1.8838866577830515e-10,-1.3547536134719849,-77.62165832519531,3.549029081033849e-20,-194.4989013671875
682,1.101550424209563e-06,1101.5504150390625,330.4651184082031,-3.516680696646901e-11,-1.5648658757694278e-10,1.603893823309832e-10,-1.7918511629104614,-102.6655044555664,2.5724753210489432e-20,-195.896484375
683,1.0552920457485016e-06,1055.2919921875,316.5876159667969,2.4202477799661892e-09,1.3006430599205032e-08,1.3229696449457151e-08,1.3868197202682495,79.45891571044922,1.7502486634576924e-16,-157.56900024414062
684,1.1383154969735187e-06,1138.3155517578125,341.4946594238281,4.529467356739758e-10,2.1807393668638042e-09,2.227281914457535e-09,1.3660048246383667,78.26630401611328,4.960784526805575e-18,-173.04449462890625
685,1.0552920457485016e-06,1055.2919921875,316.5876159667969,6.213532466325944e-10,-4.0966999237390667e-10,7.442508831445593e-10,-0.5828984975814819,-33.397621154785156,5.539093996796764e-19,-182.56561279296875
686,2.4488119834131794e-06,2448.81201171875,734.6436157226562,-5.581081552463729e-08,-6.920576556268543e-09,5.6238253165474816e-08,-3.018221855163574,-172.93136596679688,3.1627411921922787e-15,-144.99935913085938
687,2.2812505449110176e-06,2281.25048828125,684.3751831054688,3.597123487963927e-09,7.300096971363246e-09,8.13822520484564e-09,1.11296546459198,63.768218994140625,6.623071052078562e-17,-161.78939819335938
688,1.6987859225991997e-06,1698.785888671875,509.6357727050781,4.945544862522411e-09,1.1115998788113757e-08,1.2166505136690375e-08,1.1521888971328735,66.01555633544922,1.480238515023561e-16,-158.2966766357422
689,1.1383156106603565e-06,1138.3155517578125,341.49468994140625,4.530255892642998e-10,2.18072249147383e-09,2.2272814703683252e-09,1.3659687042236328,78.26423645019531,4.96078287244435e-18,-173.04449462890625
690,1.6232239659075276e-06,1623.2239990234375,486.9671936035156,4.730004832254053e-09,1.1353394668844885e-08,1.2299289586792383e-08,1.1760485172271729,67.38261413574219,1.5127252725754176e-16,-158.202392578125
691,9.940472409653012e-07,994.0472412109375,298.21417236328125,2.3118349457007525e-09,1.777255853596671e-08,1.7922287653959756e-08,1.441443681716919,82.58863830566406,3.2120839318642755e-16,-154.93212890625
692,5.227672090768465e-07,522.7672119140625,156.83016967773438,-3.050086225253601e-11,-4.0651046417927716e-10,4.076531057162214e-10,-1.6456868648529053,-94.29090881347656,1.6618105035099782e-19,-187.794189453125
693,1.7000647858367302e-06,1700.0648193359375,510.0194396972656,-6.355925230572268e-10,9.010462931335894e-10,1.102661406626737e-09,2.185133218765259,125.19890594482422,1.2158621324413088e-18,-179.15115356445312
694,1.8518104525355739e-06,1851.8104248046875,555.5431518554688,-7.000329649287096e-09,2.8017641540145632e-08,2.8878934799081435e-08,1.8156378269195557,104.02838134765625,8.339928750313204e-16,-150.7883758544922
695,1.0565106549620396e-06,1056.5106201171875,316.95318603515625,-4.0866074413337117e-11,-2.845753632740866e-10,2.8749466696176285e-10,-1.7134249210357666,-98.17201232910156,8.265318573835417e-20,-190.82740783691406
696,2.535267640269012e-06,2535.267578125,760.580322265625,3.87019438718994e-09,3.5191186076311e-10,3.8861607265516795e-09,0.09067936986684799,5.195544719696045,1.5102245070603227e-17,-168.2095947265625
697,1.0552920457485016e-06,1055.2919921875,316.5876159667969,2.847589941623596e-10,1.5305217093697365e-09,1.5567864775078988e-09,1.3868460655212402,79.46041870117188,2.4235841872696363e-18,-176.15541076660156
698,2.2991318928688997e-06,2299.1318359375,689.7395629882812,-3.753412514129195e-08,-2.8268178908774644e-09,3.764042233456166e-08,-3.0664212703704834,-175.6929931640625,1.4168014118070486e-15,-148.48690795898438
699,1.413341465195117e-06,1413.3414306640625,424.00244140625,-1.9306245491179652e-09,1.0930274463305523e-09,2.218562666911339e-09,2.6264331340789795,150.4835205078125,4.922020361759502e-18,-173.07858276367188
700,1.6232237385338522e-06,1623.2237548828125,486.9671325683594,4.729973301920154e-09,1.1353425755089575e-08,1.2299305574003938e-08,1.1760518550872803,67.38280487060547,1.5127291106934598e-16,-158.202392578125
701,5.224230790190632e-07,522.423095703125,156.7269287109375,1.9454472754976138e-10,-3.586369257124744e-10,4.0800501865945193e-10,-1.0737636089324951,-61.52212142944336,1.664680949482508e-19,-187.7866973876953
702,1.1168829132657265e-06,1116.8829345703125,335.06488037109375,-8.944179286096698e-10,-3.3767768581327573e-09,3.4932230441597767e-09,-1.829723596572876,-104.83543395996094,1.2202607273871054e-17,-169.13546752929688
703,1.7000646721498924e-06,1700.064697265625,510.0194091796875,-6.356100645810159e-10,9.010396873065929e-10,1.102666180585743e-09,2.185149669647217,125.19984436035156,1.2158726789941188e-18,-179.151123046875
704,1.0337278126826277e-06,1033.727783203125,310.11834716796875,-3.1856848181632813e-06,-2.9457194727910974e-07,3.1992749427445233e-06,-3.0493874549865723,-174.71702575683594,1.0235360302368601e-11,-109.89897155761719
705,9.902763622449129e-07,990.2763671875,297.0829162597656,-6.0282422964519355e-06,-6.002621688594445e-08,6.028541065461468e-06,-3.1316354274749756,-179.4294891357422,3.634330683621734e-11,-104.395751953125
706,4.810730160897947e-07,481.0730285644531,144.3218994140625,2.6715486711736958e-08,-5.882096587583874e-08,6.460358292770252e-08,-1.1444692611694336,-65.57325744628906,4.173623133972267e-15,-143.7948760986328
707,1.0337278126826277e-06,1033.727783203125,310.11834716796875,-3.1856811801844742e-06,-2.9457166306201543e-07,3.199271304765716e-06,-3.0493874549865723,-174.71702575683594,1.0235336883601676e-11,-109.89897918701172
708,4.717318233815604e-07,471.7318115234375,141.51954650878906,1.1090574503214157e-07,-7.030635629234894e-08,1.313128734636848e-07,-0.5649943351745605,-32.371788024902344,1.7243070036046526e-14,-137.63385009765625
709,4.810729592463758e-07,481.0729675292969,144.32188415527344,2.6716239887036863e-08,-5.881963360820919e-08,6.46026805384281e-08,-1.144450068473816,-65.57215881347656,4.173506243425546e-15,-143.79498291015625
710,4.810729592463758e-07,481.0729675292969,144.32188415527344,2.6713102840858483e-08,-5.881413756014808e-08,6.459637802436191e-08,-1.1444591283798218,-65.57267761230469,4.1726922447632344e-15,-143.79583740234375
711,4.717318233815604e-07,471.7318115234375,141.51954650878906,1.1239727371048502e-07,-7.125532164309334e-08,1.330806753685465e-07,-0.5650162100791931,-32.373043060302734,1.7710466204473238e-14,-137.5177001953125
712,4.810729592463758e-07,481.0729675292969,144.32188415527344,2.6712292822139716e-08,-5.881536324636727e-08,6.45971667267986e-08,-1.1444783210754395,-65.57377624511719,4.172793888716905e-15,-143.7957305908203
713,4.7173176653814153e-07,471.7317810058594,141.51953125,1.1090644846944997e-07,-7.030583759615183e-08,1.3131317189163383e-07,-0.5649881362915039,-32.37143325805664,1.7243149657143568e-14,-137.6338348388672
714,4.717318233815604e-07,471.7318115234375,141.51954650878906,1.1239872321766597e-07,-7.125232315274843e-08,1.330803058863239e-07,-0.564991295337677,-32.37161636352539,1.7710367948651357e-14,-137.51773071289062
715,4.2873512029473204e-07,428.735107421875,128.6205291748047,-5.95953849824582e-07,7.018953738224809e-07,9.207703897118336e-07,2.2747466564178467,130.3333740234375,8.478181264676143e-13,-120.71697235107422
716,9.713533017929876e-07,971.353271484375,291.4059753417969,-2.4128462428052444e-07,-6.836971806478687e-07,7.250242219924985e-07,-1.910062551498413,-109.43851470947266,5.256601360789648e-13,-122.79295349121094
717,9.7135318810615e-07,971.3532104492188,291.40594482421875,-2.412920707683952e-07,-6.837016712779587e-07,7.250309295159241e-07,-1.9100701808929443,-109.43895721435547,5.256698396884085e-13,-122.79287719726562
718,4.287350634513132e-07,428.7350769042969,128.62051391601562,-5.959905138297472e-07,7.018418841653329e-07,9.207533366861753e-07,2.2748146057128906,130.33726501464844,8.477866846046123e-13,-120.71713256835938
719,1.0527126050874358e-06,1052.712646484375,315.81378173828125,9.665625100296893e-08,4.253065899462172e-09,9.674977974327703e-08,0.04397360980510712,2.5195021629333496,9.360519595492858e-15,-140.28700256347656
720,1.0527126050874358e-06,1052.712646484375,315.81378173828125,9.665629363553307e-08,4.25306989626506e-09,9.674982237584118e-08,0.04397363215684891,2.519503355026245,9.36052806582233e-15,-140.28700256347656
721,9.7135318810615e-07,971.3532104492188,291.40594482421875,-2.412950550478854e-07,-6.836988859504345e-07,7.250292810567771e-07,-1.910075306892395,-109.43924713134766,5.256674544436291e-13,-122.79289245605469
722,1.0527127187742735e-06,1052.7127685546875,315.8138122558594,9.665733102792728e-08,4.253361662875932e-09,9.675086687366274e-08,0.04397617280483246,2.519649028778076,9.360730506696724e-15,-140.28689575195312
723,1.0976674502671813e-06,1097.66748046875,329.30023193359375,5.399830627084157e-08,6.396027263377846e-09,5.437578920464148e-08,0.1178993359208107,6.755134105682373,2.9567264740357983e-15,-145.29188537597656
724,1.0976674502671813e-06,1097.66748046875,329.30023193359375,5.399827784913214e-08,6.396022822485747e-09,5.437576078293205e-08,0.11789931356906891,6.755132675170898,2.956723297662246e-15,-145.29188537597656
725,1.0527126050874358e-06,1052.712646484375,315.81378173828125,8.199211833925801e-07,3.6078166232300646e-08,8.207145469896204e-07,0.04397362843155861,2.519503116607666,6.735723632501911e-13,-121.71615600585938
726,1.0527126050874358e-06,1052.712646484375,315.81378173828125,8.199234002859157e-07,3.6078262155569973e-08,8.20716763882956e-07,0.04397362843155861,2.519503116607666,6.735759953274689e-13,-121.71614074707031
727,5.206169362281798e-07,520.616943359375,156.18507385253906,-1.7638038585232607e-08,2.0147510326751217e-08,2.6777277284395495e-08,2.2898783683776855,131.2003631591797,7.170226013340666e-16,-151.44467163085938
728,5.206169362281798e-07,520.616943359375,156.18507385253906,-1.7637278304505344e-08,2.0148927859509058e-08,2.6777843942227264e-08,2.2898221015930176,131.19712829589844,7.170529357014902e-16,-151.44448852539062
729,9.7135318810615e-07,971.3532104492188,291.40594482421875,-2.4130409315148427e-07,-6.836949637545331e-07,7.250285989357508e-07,-1.9100888967514038,-109.44002532958984,5.256664786616738e-13,-122.79290008544922
730,1.014387521536264e-06,1014.3875122070312,304.3162536621094,9.834840284383972e-07,-4.97766556861734e-08,9.847429964793264e-07,-0.05056942254304886,-2.897414207458496,9.697187714277633e-13,-120.133544921875
731,1.0527127187742735e-06,1052.7127685546875,315.8138122558594,9.665725286822635e-08,4.253206231652484e-09,9.675078871396181e-08,0.04397460073232651,2.519558906555176,9.360715260103673e-15,-140.2869110107422
732,1.0143877489099395e-06,1014.3877563476562,304.3163146972656,9.834818683884805e-07,-4.9776538446622e-08,9.847408364294097e-07,-0.05056941509246826,-2.897413969039917,9.697145430392906e-13,-120.13356018066406
733,5.206169362281798e-07,520.616943359375,156.18507385253906,-1.763802792709157e-08,2.01474961158965e-08,2.67772595208271e-08,2.2898783683776855,131.2003631591797,7.17021648422001e-16,-151.44467163085938
734,1.0527126050874358e-06,1052.712646484375,315.81378173828125,2.4267026219604304e-06,1.0678267159391908e-07,2.429050937280408e-06,0.043974827975034714,2.5195720195770264,5.900288504306905e-12,-112.29126739501953
735,1.0527126050874358e-06,1052.712646484375,315.81378173828125,2.4267005755973514e-06,1.0678252237994457e-07,2.429048890917329e-06,0.043974801898002625,2.5195703506469727,5.9002785296469185e-12,-112.29127502441406
736,1.1181566605955595e-06,1118.1566162109375,335.4469909667969,-1.2184014908100949e-10,-6.284901488129435e-10,6.401912888698291e-10,-1.7622827291488647,-100.97135925292969,4.09844884161662e-19,-183.87380981445312
737,1.0376434147474356e-06,1037.6434326171875,311.29302978515625,-1.76381509398027e-09,-9.225604280516109e-09,9.392699951149552e-09,-1.7597036361694336,-100.8235855102539,8.822280926550026e-17,-160.544189453125
738,9.940974905475741e-07,994.0974731445312,298.229248046875,-5.553137394365137e-10,-5.610819808765655e-09,5.638232991600489e-09,-1.6694469451904297,-95.65225982666016,3.1789672597323475e-17,-164.9771270751953
739,1.3684474424735527e-06,1368.4473876953125,410.53424072265625,7.831321147122594e-10,-5.414829140626409e-10,9.5210272998969e-10,-0.6049527525901794,-34.66123580932617,9.06499581876197e-19,-180.42633056640625
740,1.368447328786715e-06,1368.4473876953125,410.5342102050781,1.1801764010499483e-09,-4.7850439166552405e-09,4.928434105266888e-09,-1.3289839029312134,-76.1451644897461,2.4289462201543888e-17,-166.14581298828125
741,9.92482796391414e-07,992.4827880859375,297.7448425292969,3.4978908658445107e-09,-5.974480465908982e-09,6.9231247401546625e-09,-1.0411276817321777,-59.652217864990234,4.7929657105405104e-17,-163.19395446777344
742,1.4608185665565543e-06,1460.818603515625,438.2455749511719,7.606153484829292e-10,-5.376747380658742e-10,9.3146645951947e-10,-0.6153380870819092,-35.25627517700195,8.676297445068707e-19,-180.61666870117188
743,1.0565106549620396e-06,1056.5106201171875,316.95318603515625,-1.1771357499856805e-10,7.095917603505697e-11,1.374470537385264e-10,2.5991079807281494,148.91790771484375,1.88916920511759e-20,-197.2373046875
744,1.921331659104908e-06,1921.3316650390625,576.3994750976562,7.053824191416425e-10,7.957857289797587e-11,7.098570620200917e-10,0.11234121024608612,6.436676979064941,5.0389702586895465e-19,-182.97659301757812
745,1.0764642865979113e-06,1076.4642333984375,322.9393005371094,4.819230792207918e-09,3.888561472820129e-09,6.192406143412654e-09,0.6789246201515198,38.899513244628906,3.834589289752897e-17,-164.16281127929688
746,1.1181565469087218e-06,1118.156494140625,335.44696044921875,-1.2180632891212184e-10,-6.285099662939331e-10,6.402042784792172e-10,-1.7622249126434326,-100.96804809570312,4.098615053220955e-19,-183.87362670898438
747,1.0376435284342733e-06,1037.6435546875,311.2930603027344,-1.7636826443734321e-09,-9.225445296578982e-09,9.392519650930353e-09,-1.759692907333374,-100.82296752929688,8.821942775115614e-17,-160.5443572998047
748,1.1181565469087218e-06,1118.156494140625,335.44696044921875,-2.5087237842669197e-10,1.7971188426280094e-10,3.0859892419243806e-10,2.5199790000915527,144.3841552734375,9.523329746088154e-20,-190.2121124267578
749,1.037643642121111e-06,1037.6436767578125,311.2930908203125,-7.501441828816624e-11,-3.923434077623966e-10,3.99450250654354e-10,-1.7597121000289917,-100.8240737915039,1.5956050352327653e-19,-187.9707489013672
750,2.3642026008019457e-06,2364.20263671875,709.2608032226562,1.3252754449410986e-09,1.3118633956921144e-10,1.3317524860667618e-09,0.09866655617952347,5.653176784515381,1.7735647756150002e-18,-177.5115203857422
751,1.0565106549620396e-06,1056.5106201171875,316.95318603515625,-1.1771619790046373e-10,7.095430493153643e-11,1.3744677618277024e-10,2.5991482734680176,148.9202117919922,1.8891616118580607e-20,-197.2373046875
752,1.6353793625967228e-06,1635.37939453125,490.6138000488281,-1.5394896468734487e-09,2.122427122941417e-09,2.621969752425457e-09,2.1983299255371094,125.95501708984375,6.874725367888427e-18,-171.62744140625
753,1.6884044953258126e-06,1688.404541015625,506.5213623046875,-8.904892795369435e-11,-2.222342726510007e-10,2.3941132409888155e-10,-1.9519046545028687,-111.83589172363281,5.73177809491972e-20,-192.4171142578125
754,1.6500608808200923e-06,1650.0609130859375,495.01824951171875,-1.3611343163688616e-09,-3.327925490737016e-09,3.5955216581839977e-09,-1.9590404033660889,-112.24474334716797,1.292777583738098e-17,-168.88475036621094
755,1.0565106549620396e-06,1056.5106201171875,316.95318603515625,-1.0246621329201844e-09,-7.136111257466382e-09,7.209300267874141e-09,-1.7134097814559937,-98.171142578125,5.1974011126695323e-17,-162.84213256835938
756,1.3683185215995763e-06,1368.3184814453125,410.49554443359375,2.8674129737282783e-09,-3.254098546179307e-09,4.337189718484069e-09,-0.848482608795166,-48.614471435546875,1.8811215403811372e-17,-167.25584411621094
757,1.3683816177945118e-06,1368.381591796875,410.5144958496094,2.1774451131051364e-09,-4.064660164004863e-09,4.611152792932671e-09,-1.078997015953064,-61.82197189331055,2.126273058523478e-17,-166.7238006591797
758,2.3468553536076797e-06,2346.85546875,704.0565795898438,-7.291196812975187e-11,-1.5456662338930727e-10,1.7090054371671215e-10,-2.011564016342163,-115.25411987304688,2.9206994565643013e-20,-195.3451385498047
759,2.4193577701225877e-06,2419.357666015625,725.8073120117188,6.631043492077993e-10,1.0297931951619432e-10,6.710529354414518e-10,0.15406809747219086,8.827451705932617,4.503120589926164e-19,-183.46487426757812
760,1.0779499461932573e-06,1077.949951171875,323.3849792480469,-3.0593187982930203e-09,1.3059165970830122e-09,3.3263869436694904e-09,2.7381432056427,156.884033203125,1.1064850119806417e-17,-169.560546875
761,1.4608185665565543e-06,1460.818603515625,438.2455749511719,7.605014396006027e-10,-5.376978862159376e-10,9.313868565286043e-10,-0.6154289841651917,-35.26148223876953,8.674814723820706e-19,-180.6173858642578
762,1.077205638466694e-06,1077.2056884765625,323.16168212890625,9.350422519593948e-11,-1.335665328339175e-10,1.630431206711691e-10,-0.9600319266319275,-55.005775451660156,2.6583059724764035e-20,-195.7539520263672
763,1.3683817314813496e-06,1368.3817138671875,410.5145263671875,2.177295899130627e-09,-4.064768965861276e-09,4.611178106017633e-09,-1.0790365934371948,-61.82423782348633,2.126296385016752e-17,-166.72377014160156
764,1.037643642121111e-06,1037.6436767578125,311.2930908203125,-3.573389806277305e-09,2.90585200346527e-09,4.60576687899561e-09,2.458859443664551,140.88226318359375,2.1213088167953022e-17,-166.73394775390625
765,1.6884044953258126e-06,1688.404541015625,506.5213623046875,-6.66139296501278e-11,1.0117984228230625e-10,1.2113948733016855e-10,2.153034210205078,123.3597640991211,1.4674775371581716e-20,-198.33428955078125
766,1.6353793625967228e-06,1635.37939453125,490.6138000488281,-1.949948424950776e-09,-4.871947734130799e-09,5.24768273280074e-09,-1.9515095949172974,-111.8132553100586,2.7538174352676502e-17,-165.60064697265625
767,1.1181565469087218e-06,1118.156494140625,335.44696044921875,-1.21828269694646e-10,-6.285111320281089e-10,6.402096075497354e-10,-1.7622582912445068,-100.96995544433594,4.0986832956214906e-19,-183.87356567382812
768,1.6987859225991997e-06,1698.785888671875,509.6357727050781,4.4092829387665233e-10,9.910988696404388e-10,1.08475561866328e-09,1.1522014141082764,66.01627349853516,1.1766947168466166e-18,-179.29336547851562
769,5.227671522334276e-07,522.7671508789062,156.83013916015625,8.812194307594723e-10,-7.334284291005133e-10,1.146501116267018e-09,-0.6941211223602295,-39.77021026611328,1.314464853192197e-18,-178.8125
770,4.737243841645977e-07,473.7243957519531,142.1173095703125,-9.851474080946332e-10,1.7169305976949545e-09,1.979486352610138e-09,2.0917162895202637,119.84651184082031,3.918366142192268e-18,-174.06893920898438
771,4.30943060791833e-07,430.94305419921875,129.2829132080078,2.9510754728789834e-08,-2.392878606372051e-08,3.799304337803733e-08,-0.6813216805458069,-39.0368537902832,1.4434713029425343e-15,-148.40591430664062
772,1.1383154969735187e-06,1138.3155517578125,341.4946594238281,4.530300024008227e-10,2.1807240457860644e-09,2.2272839128589794e-09,1.365966796875,78.26412963867188,4.960793625792313e-18,-173.04449462890625
773,1.0173657756240573e-06,1017.3657836914062,305.2097473144531,-2.2767401852696878e-10,-9.002935896784692e-11,2.4482799121372523e-10,-2.765031337738037,-158.42462158203125,5.994074482220871e-20,-192.2227783203125
774,1.0565106549620396e-06,1056.5106201171875,316.95318603515625,-2.951835220699195e-09,1.7794608009324975e-09,3.4467102505431058e-09,2.599093437194824,148.91708374023438,1.1879811620350811e-17,-169.25189208984375
775,1.1395212595743942e-06,1139.521240234375,341.85638427734375,-6.421702059000722e-11,-4.092271521649593e-10,4.14235035162136e-10,-1.7264496088027954,-98.91827392578125,1.7159066938542684e-19,-187.65505981445312
776,1.942250491993036e-06,1942.25048828125,582.6751708984375,5.7827489324813186e-11,-2.2227771012683917e-10,2.296767359633023e-10,-1.316279649734497,-75.41726684570312,5.27514014634321e-20,-192.77764892578125
777,1.7536214045321685e-06,1753.6214599609375,526.08642578125,-3.670096171415338e-11,-9.068158030034468e-11,9.782694099236267e-11,-1.955367922782898,-112.0343246459961,9.570110525578436e-21,-200.19082641601562
778,1.942250491993036e-06,1942.25048828125,582.6751708984375,5.783670070647062e-11,-2.222740463908579e-10,2.296754869623996e-10,-1.3162367343902588,-75.41480255126953,5.27508295455867e-20,-192.7777099609375
779,5.223273547017016e-07,522.3273315429688,156.69821166992188,-2.8910349114674716e-10,6.166109844940593e-10,6.810212949126537e-10,2.0092220306396484,115.11993408203125,4.637899847971906e-19,-183.3367919921875
780,1.1015505378964008e-06,1101.550537109375,330.46514892578125,-5.861814506014085e-11,5.3089123375205105e-11,7.908566856951182e-11,2.4056496620178223,137.8335723876953,6.254542832680022e-21,-202.0380401611328
781,9.752026244314038e-07,975.20263671875,292.560791015625,-6.534711105565805e-10,-4.3479548850200445e-09,4.396786934535157e-09,-1.7199736833572388,-98.54722595214844,1.9331735347872615e-17,-167.13729858398438
782,1.0565106549620396e-06,1056.5106201171875,316.95318603515625,-4.086025615079869e-11,-2.8457203260501274e-10,2.874905036254205e-10,-1.7134065628051758,-98.17095947265625,8.265078820704748e-20,-190.8275146484375
783,2.5352678676426876e-06,2535.267822265625,760.5803833007812,5.600845343067817e-10,5.093989119409059e-11,5.623962961998075e-10,0.09070082008838654,5.196774005889893,3.162895936591782e-19,-184.9991455078125
784,2.2825538508186582e-06,2282.553955078125,684.7661743164062,-3.5913602647319465e-10,6.525807116908311e-10,7.448759942185745e-10,2.073894500732422,118.82539367675781,5.5484023636274e-19,-182.55831909179688
785,2.3552579477836844e-06,2355.258056640625,706.577392578125,-8.210195856506175e-10,-1.6714787332006154e-09,1.862233700578031e-09,-2.027373790740967,-116.15995788574219,3.4679143930737066e-18,-174.5993194580078
786,1.414250505149539e-06,1414.25048828125,424.275146484375,6.78117909047593e-11,-1.3780221408410398e-10,1.5358349314542608e-10,-1.1134926080703735,-63.798423767089844,2.3587888809910673e-20,-196.2731170654297
787,1.0565106549620396e-06,1056.5106201171875,316.95318603515625,-1.0247870330104547e-09,-7.136157886833416e-09,7.20936466080957e-09,-1.7134259939193726,-98.17207336425781,5.197493756898138e-17,-162.84207153320312
788,1.414250505149539e-06,1414.25048828125,424.275146484375,4.3097364565980456e-10,-2.5023547123304013e-10,4.983533585800615e-10,-0.5260537266731262,-30.140657424926758,2.4835606753415953e-19,-186.04925537109375
789,1.101550424209563e-06,1101.5504150390625,330.4651184082031,-3.51629662886932e-11,-1.5648898843423353e-10,1.6039089500985426e-10,-1.791824460029602,-102.66397094726562,2.5725239502216734e-20,-195.89639282226562
790,2.353958279854851e-06,2353.958251953125,706.1875,-1.609090527487922e-09,-2.1554463769390964e-10,1.6234629196532069e-09,-3.0084309577941895,-172.37039184570312,2.635631937297605e-18,-175.79115295410156
791,1.852936293289531e-06,1852.936279296875,555.880859375,1.7372098204404551e-09,-5.314700679548423e-09,5.5914171070980956e-09,-1.2548750638961792,-71.89904022216797,3.126394637848682e-17,-165.049560546875
792,1.9670235360536026e-06,1967.0235595703125,590.1070556640625,4.037921733091032e-11,-1.840114727258424e-10,1.8838976212354197e-10,-1.3547816276550293,-77.6232681274414,3.54907011694705e-20,-194.49887084960938
793,4.7457621121793636e-07,474.5762023925781,142.37286376953125,1.294508167326569e-09,-7.706095206394536e-10,1.5065160230420815e-09,-0.5369501113891602,-30.764972686767578,2.269590454172477e-18,-176.44052124023438
794,1.8524558527133195e-06,1852.455810546875,555.7367553710938,7.348416319885587e-10,-1.1504210917223645e-09,1.3650864882919223e-09,-1.002364158630371,-57.43123245239258,1.863461110226038e-18,-177.29678344726562
795,2.4124626634147717e-06,2412.462646484375,723.73876953125,-2.9766921566531934e-11,-6.382922662639956e-11,7.042896821296551e-11,-2.0071654319763184,-115.0020980834961,4.960239434168948e-21,-203.0449676513672
796,1.6353487808373757e-06,1635.3487548828125,490.6046447753906,2.0455717120171357e-09,4.8468931090894785e-09,5.260868629619608e-09,1.1714375019073486,67.11842346191406,2.767673868580771e-17,-165.57884216308594
797,9.916291219269624e-07,991.629150390625,297.4887390136719,-9.580213067295063e-09,-7.214493447094128e-09,1.1992889348277913e-08,-2.4961347579956055,-143.01797485351562,1.43829397287112e-16,-158.42152404785156
798,1.0552921594353393e-06,1055.2921142578125,316.587646484375,5.280422765707726e-09,-3.4815132998744502e-09,6.324855306161226e-09,-0.5829024910926819,-33.397850036621094,4.0003794455656754e-17,-163.97900390625
799,1.0552920457485016e-06,1055.2919921875,316.5876159667969,6.213647929520505e-10,-4.096748495996394e-10,7.442632066201327e-10,-0.5828953981399536,-33.39744567871094,5.539277010507291e-19,-182.56546020507812
800,1.0552920457485016e-06,1055.2919921875,316.5876159667969,6.213723424686179e-10,-4.096591954549922e-10,7.44260875151781e-10,-0.5828722715377808,-33.3961181640625,5.539242372319141e-19,-182.56549072265625
801,1.6977397763184854e-06,1697.73974609375,509.3219299316406,-7.145298797084365e-10,-2.9553670621851325e-09,3.040517615460203e-09,-1.808017611503601,-103.5917739868164,9.244747542543724e-18,-170.34104919433594
802,1.0565106549620396e-06,1056.5106201171875,316.95318603515625,-2.951861199917971e-09,1.7794141715654632e-09,3.4467086962308713e-09,2.599108934402466,148.91796875,1.1879800867002848e-17,-169.25189208984375
803,1.1181565469087218e-06,1118.156494140625,335.44696044921875,-1.2183204445292972e-10,-6.2850802340364e-10,6.40207331592535e-10,-1.7622649669647217,-100.9703369140625,4.0986543443000513e-19,-183.87359619140625
804,1.6884044953258126e-06,1688.404541015625,506.5213623046875,-1.8471160156963151e-09,-4.610078985223254e-09,4.966353106539145e-09,-1.9518793821334839,-111.83444213867188,2.4664663055591816e-17,-166.07925415039062
805,9.940974905475741e-07,994.0974731445312,298.229248046875,-2.3908099944236483e-09,1.187346554409885e-09,2.669412690892159e-09,2.680645227432251,153.5896453857422,7.125763930450308e-18,-171.47169494628906
806,1.7536214045321685e-06,1753.6214599609375,526.08642578125,-2.690132144822499e-11,4.1630851543850156e-11,4.9566208776274934e-11,2.144486427307129,122.8700180053711,2.4568090161747125e-21,-206.09628295898438
807,1.7000647858367302e-06,1700.0648193359375,510.0194396972656,-6.356002391072479e-10,9.010537871390056e-10,1.102671953745471e-09,2.1851348876953125,125.1989974975586,1.2158853968960368e-18,-179.1510772705078
808,1.101550424209563e-06,1101.5504150390625,330.4651184082031,-5.861821444907989e-11,5.308962991446009e-11,7.908605020867654e-11,2.4056456089019775,137.8333282470703,6.254603417197543e-21,-202.03799438476562
809,2.5020819975907216e-06,2502.08203125,750.6245727539062,4.803012654264194e-09,-2.1198232405539308e-11,4.803058839542018e-09,-0.0044134994968771935,-0.25287488102912903,2.3069374106750622e-17,-166.36964416503906
810,2.2825540781923337e-06,2282.55419921875,684.7662353515625,-6.07774330863009e-10,-1.3268215415251916e-09,1.4593988240108047e-09,-2.0003390312194824,-114.61097717285156,2.1298449071265432e-18,-176.71652221679688
811,2.355257720410009e-06,2355.2578125,706.5773315429688,-6.533685398268929e-11,-1.3301558465794727e-10,1.4819598326276662e-10,-2.027376651763916,-116.16011810302734,2.1962049160066358e-20,-196.58326721191406
812,5.227671522334276e-07,522.7671508789062,156.83013916015625,-4.925080135387283e-11,-6.538341534856329e-10,6.556864495799175e-10,-1.6459804773330688,-94.30773162841797,4.299247193807809e-19,-183.66607666015625
813,9.940974905475741e-07,994.0974731445312,298.229248046875,-1.756475631609078e-09,-1.77494836606229e-08,1.783618053252667e-08,-1.6694344282150269,-95.65154266357422,3.1812934901381937e-16,-154.97396850585938
814,1.368318294225901e-06,1368.3182373046875,410.4954833984375,1.4016222849022597e-08,-5.929395641146584e-09,1.5218812876582888e-08,-0.4002076983451843,-22.93021011352539,2.3161226558074226e-16,-156.35238647460938
815,1.0159685643884586e-06,1015.9685668945312,304.7905578613281,5.47322587252097e-09,2.347017691306519e-09,5.955224313680674e-09,0.4051000773906708,23.21052360534668,3.546469709255367e-17,-164.5020294189453
816,1.0552920457485016e-06,1055.2919921875,316.5876159667969,2.8480046099232936e-10,1.5305896550188436e-09,1.5568608624505487e-09,1.386827826499939,79.4593734741211,2.423815797841151e-18,-176.15499877929688
817,1.414250505149539e-06,1414.25048828125,424.275146484375,4.3485662293285543e-10,-2.52476095585763e-10,5.028363836423466e-10,-0.5260298252105713,-30.1392879486084,2.528444270860547e-19,-185.97146606445312
818,1.624508968234295e-06,1624.5089111328125,487.3526916503906,-7.945260560582312e-10,-2.0692261237797993e-09,2.216521854947473e-09,-1.9374099969863892,-111.00540924072266,4.912968937906641e-18,-173.08656311035156
819,1.101550424209563e-06,1101.5504150390625,330.4651184082031,-5.861584134736475e-11,5.309200995506913e-11,7.908589061411675e-11,2.4056031703948975,137.83090209960938,6.254577971700184e-21,-202.03802490234375
820,1.0376435284342733e-06,1037.6435546875,311.2930603027344,-3.573339402151987e-09,2.905838236699765e-09,4.605719361450156e-09,2.458854913711548,140.8820037841797,2.1212651416589594e-17,-166.73403930664062
821,5.227671522334276e-07,522.7671508789062,156.83013916015625,-4.920246501893821e-11,-6.540549213340796e-10,6.559030540920219e-10,-1.6458816528320312,-94.30207061767578,4.302088042224046e-19,-183.6632080078125
822,1.037643642121111e-06,1037.6436767578125,311.2930908203125,-7.499521836873413e-11,-3.9235834026207783e-10,3.9946129737344904e-10,-1.7596579790115356,-100.82096862792969,1.5956933109137612e-19,-187.9705047607422
823,5.224231927059009e-07,522.4232177734375,156.72695922851562,1.9455803634826907e-10,-3.5871547399146664e-10,4.08080402802824e-10,-1.0738266706466675,-61.525733947753906,1.6652961650630942e-19,-187.78509521484375
824,1.015489374367462e-06,1015.4893798828125,304.6468200683594,-1.1830814550251034e-08,-7.615855501796887e-09,1.4070161036272566e-08,-2.5696375370025635,-147.2293701171875,1.9796942716989173e-16,-157.0340118408203
825,1.368447328786715e-06,1368.4473876953125,410.5342102050781,1.2479129729570104e-08,-8.627089265189625e-09,1.5170870781844314e-08,-0.6048775911331177,-34.65693283081055,2.3015531597190566e-16,-156.37979125976562
826,1.1181566605955595e-06,1118.1566162109375,335.4469909667969,-2.508683261126521e-10,1.7971851784537307e-10,3.08599507059526e-10,2.519953966140747,144.38272094726562,9.5233652890051e-20,-190.21209716796875
827,9.940974905475741e-07,994.0974731445312,298.229248046875,-5.552188708790595e-10,-5.61036062052267e-09,5.6377671420193565e-09,-1.6694382429122925,-95.65176391601562,3.178441834607254e-17,-164.9778594970703
828,1.0552920457485016e-06,1055.2919921875,316.5876159667969,7.14467685014597e-09,3.8392425238953365e-08,3.905156731320858e-08,1.3868050575256348,79.45806884765625,1.5250249056535992e-15,-148.167236328125
829,1.1181565469087218e-06,1118.156494140625,335.44696044921875,-2.508609153739627e-10,1.7972520693909644e-10,3.085973976357792e-10,2.5199222564697266,144.3809051513672,9.523235395799535e-20,-190.212158203125
830,1.688404722699488e-06,1688.4046630859375,506.52142333984375,-1.8471293383726106e-09,-4.610084314293772e-09,4.966363320590972e-09,-1.9518814086914062,-111.83456420898438,2.4664763971626547e-17,-166.07923889160156
831,2.3468551262340043e-06,2346.855224609375,704.0565185546875,-7.291322406954848e-11,-1.5456605440000715e-10,1.7090057147228777e-10,-2.0115718841552734,-115.25457000732422,2.9207004259165817e-20,-195.3451385498047
832,9.752026244314038e-07,975.20263671875,292.560791015625,-6.53482046253373e-10,-4.347965987250291e-09,4.396799369033033e-09,-1.7199757099151611,-98.5473403930664,1.9331844535713472e-17,-167.13726806640625
833,1.0565106549620396e-06,1056.5106201171875,316.95318603515625,-1.177150737996513e-10,7.095601189943679e-11,1.374466929160434e-10,2.599133253097534,148.9193572998047,1.8891593500360733e-20,-197.23731994628906
834,1.3674712135980371e-06,1367.47119140625,410.2413635253906,5.6236682866028787e-08,-4.123225139096576e-08,6.973279909061603e-08,-0.6326565146446228,-36.2485466003418,4.862663260739959e-15,-143.13125610351562
835,1.0767105322884163e-06,1076.7105712890625,323.0131530761719,-1.001399518862911e-09,-5.1221120678235366e-09,5.219083831775606e-09,-1.7638661861419678,-101.06208038330078,2.7238835886967037e-17,-165.6481170654297
836,1.1181117542946595e-06,1118.1116943359375,335.43353271484375,1.3952494715141484e-10,6.274846198195405e-10,6.428095833399539e-10,1.3519999980926514,77.4638900756836,4.1320416802681643e-19,-183.83834838867188
837,1.1181117542946595e-06,1118.1116943359375,335.43353271484375,2.467975823705615e-10,-1.8729537365480553e-10,3.098202805418282e-10,-0.6491745710372925,-37.19496154785156,9.598860383302195e-20,-190.17779541015625
838,1.3683451243196032e-06,1368.3450927734375,410.5035400390625,-1.3194341452749114e-10,2.6007263009830695e-10,2.916278885045642e-10,2.0402932167053223,116.90018463134766,8.504682671123243e-20,-190.7034149169922
839,2.3468337531085126e-06,2346.833740234375,704.0501098632812,7.503451332491196e-11,1.5385140383905593e-10,1.7117368633634555e-10,1.1170308589935303,64.00115203857422,2.930043043194456e-20,-195.33126831054688
840,2.2885958514962113e-06,2288.595947265625,686.5787353515625,4.8651287443135516e-08,5.466875840909324e-09,4.895747451882926e-08,0.11189918220043182,6.411350727081299,2.3968343077689167e-15,-146.20362854003906
841,1.688374936748005e-06,1688.3748779296875,506.5124816894531,1.346646794075923e-09,-2.128718090688153e-09,2.5189081931387136e-09,-1.0067439079284668,-57.68217468261719,6.344898401165043e-18,-171.97573852539062
842,1.6353487808373757e-06,1635.3487548828125,490.6046447753906,3.0007236695439587e-09,-4.304520739850659e-09,5.247212886416719e-09,-0.9620127081871033,-55.119266510009766,2.753324270186446e-17,-165.60142517089844
843,5.215671308178571e-07,521.567138671875,156.4701385498047,1.3674348320336094e-09,-2.313630842465386e-09,2.6875204284237952e-09,-1.0369954109191895,-59.41545867919922,7.222765746523176e-18,-171.4129638671875
844,1.0363543196945102e-06,1036.3543701171875,310.90631103515625,-7.929327749955917e-10,7.281596436925497e-10,1.0765495161990657e-09,2.398752212524414,137.43836975097656,1.1589588271401374e-18,-179.35931396484375
845,1.6870872059371322e-06,1687.087158203125,506.12615966796875,-5.521167967259544e-10,-1.2127197024369707e-09,1.3324872316644587e-09,-1.9980254173278809,-114.4784164428711,1.775522298534607e-18,-177.50672912597656
846,1.6870870922502945e-06,1687.0870361328125,506.1261291503906,-1.1455185244813038e-08,-2.5160924010947383e-08,2.7645855382729678e-08,-1.9980297088623047,-114.4786605834961,7.642933395984018e-16,-151.1674041748047
847,1.6870872059371322e-06,1687.087158203125,506.12615966796875,-5.5210758187485e-10,-1.2127212567492052e-09,1.332484678151502e-09,-1.9980186223983765,-114.47802734375,1.7755154742945534e-18,-177.50674438476562
848,1.0363543196945102e-06,1036.3543701171875,310.90631103515625,-1.8651759248200506e-08,1.7127936402516752e-08,2.53230005853311e-08,2.3987579345703125,137.43870544433594,6.41254339531867e-16,-151.9296875
849,4.737319159175968e-07,473.7319030761719,142.11956787109375,-5.6527893477209545e-09,2.976276114452503e-09,6.3884462164764955e-09,2.656959056854248,152.23252868652344,4.081224439041913e-17,-163.89208984375
850,4.833991624764167e-07,483.399169921875,145.01974487304688,-1.4695977768042212e-09,1.9485226765425523e-09,2.4405855114650876e-09,2.216987133026123,127.02400207519531,5.9564576942325916e-18,-172.2501220703125
851,9.928404551828862e-07,992.8404541015625,297.8521423339844,-5.224952026594565e-09,-3.006320170584331e-08,3.051387054142651e-08,-1.7428762912750244,-99.85945129394531,9.310963085880797e-16,-150.31005859375
852,1.0363543196945102e-06,1036.3543701171875,310.90631103515625,-1.2752416900241315e-08,-5.004867276170444e-08,5.164778826838301e-08,-1.820287823677063,-104.29480743408203,2.667493945185135e-15,-145.7389678955078
853,1.036354433381348e-06,1036.3544921875,310.9063415527344,-1.8651533650881902e-08,1.712820996147002e-08,2.5323018348899495e-08,2.3987438678741455,137.43789672851562,6.412552395043734e-16,-151.9296875
854,9.928404551828862e-07,992.8404541015625,297.8521423339844,-1.2437246788010725e-08,7.346653951856297e-09,1.4445014073771745e-08,2.6080410480499268,149.4297332763672,2.0865842709886937e-16,-156.80563354492188
855,1.3674712135980371e-06,1367.47119140625,410.2413635253906,5.6237841050688075e-08,-4.1232645742184104e-08,6.973396438070267e-08,-0.6326512694358826,-36.24824523925781,4.862825891065832e-15,-143.13111877441406
856,1.3674713272848749e-06,1367.4713134765625,410.24139404296875,3.5371201523304308e-09,-2.5937976211309888e-09,4.386229157660182e-09,-0.6327322125434875,-36.25288391113281,1.9239006746844196e-17,-167.15817260742188
857,1.0767105322884163e-06,1076.7105712890625,323.0131530761719,-7.3792172372577625e-09,-3.772978374172453e-08,3.844462881374966e-08,-1.7639389038085938,-101.06624603271484,1.4779894837299232e-15,-148.30328369140625
858,1.76356900283281e-06,1763.5689697265625,529.0706787109375,1.8313768557209897e-10,4.087613303394022e-10,4.4791209630190565e-10,1.1495811939239502,65.86614990234375,2.006252517233151e-19,-186.9761505126953
859,1.3683450106327655e-06,1368.344970703125,410.5035095214844,-1.3194631498514298e-10,2.60079846547967e-10,2.916356600657366e-10,2.0402908325195312,116.9000473022461,8.505135681755586e-20,-190.70318603515625
860,1.6883750504348427e-06,1688.375,506.51251220703125,6.491474718872681e-11,-1.0261477084716475e-10,1.214237044244726e-10,-1.0067460536956787,-57.68229675292969,1.4743715705759182e-20,-198.3139190673828
861,4.833991624764167e-07,483.399169921875,145.01974487304688,6.097194416021523e-10,7.666590695620812e-10,9.79552994273547e-10,0.8989314436912537,51.504974365234375,9.59524030489954e-19,-180.179443359375
862,1.688374936748005e-06,1688.3748779296875,506.5124816894531,1.346646572031318e-09,-2.1287309692752387e-09,2.518919073324355e-09,-1.0067466497421265,-57.68233108520508,6.344953408675778e-18,-171.9757080078125
863,1.1168830269525643e-06,1116.883056640625,335.0649108886719,-8.943829010732429e-10,-3.376777524266572e-09,3.4932143844201846e-09,-1.8297138214111328,-104.83487701416016,1.2202546889686338e-17,-169.135498046875
864,5.21567187661276e-07,521.5671997070312,156.47015380859375,8.346243141055254e-10,-1.4120727920285958e-09,1.640288793680611e-09,-1.0369739532470703,-59.41422653198242,2.6905474241892348e-18,-175.70159912109375
865,1.0375953252150794e-06,1037.5953369140625,311.2785949707031,2.044054037142473e-09,9.212326013141592e-09,9.436371684046208e-09,1.3524510860443115,77.48973846435547,8.904511282116167e-17,-160.50390625
866,1.76356900283281e-06,1763.5689697265625,529.0706787109375,1.831343687808129e-10,4.087617189174608e-10,4.4791106934560787e-10,1.1495883464813232,65.8665542602539,2.0062432114512598e-19,-186.97616577148438
867,1.0767105322884163e-06,1076.7105712890625,323.0131530761719,-1.0016351081887365e-09,-5.1220410135499606e-09,5.2190589627798545e-09,-1.7639131546020508,-101.06477355957031,2.7238576152254695e-17,-165.64816284179688
868,9.92840568869724e-07,992.840576171875,297.8521728515625,-5.224903620870691e-09,-3.0064530420759183e-08,3.0515170834632954e-08,-1.742867350578308,-99.85894012451172,9.311756120477664e-16,-150.3096923828125
869,1.1168830269525643e-06,1116.883056640625,335.0649108886719,-8.944501805885352e-10,-3.3767229012937605e-09,3.4931788572833966e-09,-1.8297364711761475,-104.83617401123047,1.2202298735502572e-17,-169.13558959960938
870,1.4598451798519818e-06,1459.84521484375,437.95355224609375,6.586864831348294e-09,4.5275891369378485e-10,6.602407509603836e-09,0.06862868368625641,3.932133674621582,4.359178631555657e-17,-163.60595703125
871,5.217394800638431e-07,521.739501953125,156.5218505859375,6.559200738109894e-09,-6.046039668916592e-09,8.920634009257356e-09,-0.7447105050086975,-42.668766021728516,7.957771307313705e-17,-160.99209594726562
872,1.3674712135980371e-06,1367.47119140625,410.2413635253906,3.5376097606842904e-09,-2.5937394454444984e-09,4.38658931400937e-09,-0.6326555013656616,-36.24848937988281,1.9242166576784148e-17,-167.15745544433594
873,1.909130787680624e-06,1909.1307373046875,572.7392578125,-9.424049735029527e-11,4.209525783505086e-10,4.313726043037036e-10,1.7910391092300415,102.61897277832031,1.8608231795538183e-19,-187.30294799804688
874,1.6883751641216804e-06,1688.3751220703125,506.5125427246094,1.934887583487921e-09,4.587100921327192e-09,4.97848207103857e-09,1.1716302633285522,67.12946319580078,2.4785284186875523e-17,-166.0580596923828
875,1.6883750504348427e-06,1688.375,506.51251220703125,9.327123101643409e-11,2.2112028874587963e-10,2.3998686371484723e-10,1.1716289520263672,67.12938690185547,5.759369738227192e-20,-192.39625549316406
876,1.7635692302064854e-06,1763.5692138671875,529.0707397460938,1.831338414248762e-10,4.087620519843682e-10,4.4791118036791033e-10,1.1495896577835083,65.86663055419922,2.0062442454270255e-19,-186.97616577148438
877,1.0363543196945102e-06,1036.3543701171875,310.90631103515625,-1.2753043954205623e-08,-5.0048271305058734e-08,5.164755378928021e-08,-1.8203014135360718,-104.29558563232422,2.6674698047461382e-15,-145.73899841308594
878,1.075967020369717e-06,1075.967041015625,322.79010009765625,9.512475251938213e-09,1.0097608083015075e-08,1.387259374041605e-08,0.8152276873588562,46.709102630615234,1.9244886346638223e-16,-157.15684509277344
879,1.367406753161049e-06,1367.40673828125,410.2220153808594,3.819249361214361e-09,-1.5794326957419003e-09,4.1329495381603465e-09,-0.3921285569667816,-22.467309951782227,1.7081271377413896e-17,-167.67478942871094
880,9.912271252687788e-07,991.2271118164062,297.3681335449219,1.709411989736509e-08,1.793821624573866e-08,2.4778790574941922e-08,0.8094882965087891,46.3802604675293,6.139884548388695e-16,-152.11839294433594
881,1.036354433381348e-06,1036.3544921875,310.9063415527344,-1.275106953357863e-08,-5.004895342608506e-08,5.164772431953679e-08,-1.8202611207962036,-104.29327392578125,2.6674873806797937e-15,-145.7389678955078
882,1.688374936748005e-06,1688.3748779296875,506.5124816894531,1.346637912291726e-09,-2.12871209548382e-09,2.518898201131492e-09,-1.0067455768585205,-57.68227005004883,6.3448479431476774e-18,-171.9757843017578
883,1.6343147990482976e-06,1634.3148193359375,490.29443359375,-4.993638835770753e-10,5.176439832332846e-10,7.192492712526644e-10,2.338222026824951,133.97024536132812,5.173195305724878e-19,-182.86241149902344
884,1.0779033345897915e-06,1077.9033203125,323.3710021972656,1.0220202462107864e-09,7.1191772477163795e-09,7.1921628652660274e-09,1.4282118082046509,81.83050537109375,5.17272069016891e-17,-162.86282348632812
885,1.7116557273766375e-06,1711.65576171875,513.4967041015625,9.058306993381393e-09,5.100860289708464e-10,9.072657292108488e-09,0.05625200271606445,3.2230021953582764,8.231311333206621e-17,-160.84532165527344
886,4.737319159175968e-07,473.7319030761719,142.11956787109375,-5.882706766158208e-09,3.097559764242419e-09,6.64839205910539e-09,2.656928539276123,152.2307891845703,4.420111733326518e-17,-163.54566955566406
887,1.0565106549620396e-06,1056.5106201171875,316.95318603515625,-3.4764119360986e-10,-2.4208253179835992e-09,2.4456594527322295e-09,-1.713425636291504,-98.17205047607422,5.981250365142337e-18,-172.23207092285156
888,1.0363543196945102e-06,1036.3543701171875,310.90631103515625,-5.42131284309022e-10,-2.127684917141437e-09,2.1956658713406796e-09,-1.8202861547470093,-104.29470825195312,4.820948817072873e-18,-173.16867065429688
889,1.3674712135980371e-06,1367.47119140625,410.2413635253906,5.6238135925923416e-08,-4.123069885508812e-08,6.973304778057354e-08,-0.6326262354850769,-36.24681091308594,4.862697989090796e-15,-143.1312255859375
890,1.0565106549620396e-06,1056.5106201171875,316.95318603515625,-4.08640898896806e-11,-2.8457652900826247e-10,2.8749552738460693e-10,-1.7134175300598145,-98.17158508300781,8.265367687684288e-20,-190.82736206054688
891,1.1181118679814972e-06,1118.11181640625,335.4335632324219,2.4680174570690383e-10,-1.872905164290728e-10,3.098206691198868e-10,-0.6491539478302002,-37.19377899169922,9.59888494022663e-20,-190.1777801513672
892,1.0535595720284618e-06,1053.5595703125,316.06787109375,1.9780166837790603e-08,2.35315695817917e-08,3.0740682888108495e-08,0.8717964887619019,49.95025634765625,9.449895547471816e-16,-150.2457275390625
893,4.737319159175968e-07,473.7319030761719,142.11956787109375,-5.652852852477963e-09,2.9760907072073906e-09,6.3884164624994355e-09,2.656989336013794,152.23426818847656,4.0811863887337357e-17,-163.8921356201172
894,4.745649562210019e-07,474.56494140625,142.36949157714844,2.0737007944138242e-10,-4.066169068117631e-10,4.564423838893106e-10,-1.0991896390914917,-62.97892379760742,2.0833965443825828e-19,-186.81228637695312
895,9.928404551828862e-07,992.8404541015625,297.8521423339844,-1.654864334454942e-08,-9.524865163257346e-08,9.667554934367217e-08,-1.7428206205368042,-99.85626220703125,9.34616154000395e-15,-140.29367065429688
896,1.6987567050819052e-06,1698.7567138671875,509.62701416015625,-1.002876182099044e-08,-2.1493610447009814e-08,2.371816343327282e-08,-2.0073628425598145,-115.01341247558594,5.625512673861088e-16,-152.49838256835938
897,2.281228717038175e-06,2281.228759765625,684.3685913085938,-3.7003806685476093e-09,-7.263507573185279e-09,8.151770813924486e-09,-2.041973829269409,-116.99647521972656,6.645136922099027e-17,-161.77496337890625
898,1.4133061085885856e-06,1413.30615234375,423.9918212890625,1.9208077350896247e-09,-1.142565153600117e-09,2.2349400108367945e-09,-0.5366135835647583,-30.745691299438477,4.9949570122713656e-18,-173.01467895507812
899,1.688374936748005e-06,1688.3748779296875,506.5124816894531,1.3466128212513695e-09,-2.128735632211942e-09,2.518904640425035e-09,-1.0067590475082397,-57.683040618896484,6.344880616781873e-18,-171.97576904296875
900,9.940471272784634e-07,994.047119140625,298.2141418457031,2.364048290459664e-09,-1.2667723536807785e-09,2.6820581311426395e-09,-0.49191364645957947,-28.184574127197266,7.193435576363271e-18,-171.43064880371094
901,1.6974776144706993e-06,1697.4776611328125,509.2432861328125,-2.605139286515623e-07,-2.6357049875969096e-08,2.618438657009392e-07,-3.040762424468994,-174.22283935546875,6.856220777749777e-14,-131.63916015625
902,1.6219076997003867e-06,1621.90771484375,486.5722961425781,2.9248248267776944e-08,6.185722867257937e-08,6.842351041314032e-08,1.1291160583496094,64.6935806274414,4.681776833754961e-15,-143.29588317871094
903,1.7510127463538083e-06,1751.0126953125,525.3038330078125,-5.9030171861707e-09,-9.17544873413334e-10,5.973901817668548e-09,-2.9873900413513184,-171.16482543945312,3.56875031536285e-17,-164.47482299804688
904,5.217395369072619e-07,521.7395629882812,156.52186584472656,4.056141200692309e-09,-3.736957854272305e-09,5.515173207015778e-09,-0.7444638609886169,-42.65463638305664,3.0417135115636687e-17,-165.1688232421875
905,4.727840234863834e-07,472.7840270996094,141.835205078125,-1.1489869500280747e-08,6.1749600988036946e-09,1.3044049396171431e-08,2.648453950881958,151.74522399902344,1.7014722711900535e-16,-157.69175720214844
906,1.054025915436796e-06,1054.02587890625,316.207763671875,5.346384313043018e-08,2.0562613656238682e-07,2.1246290771159693e-07,1.3164235353469849,75.42550659179688,4.5140486400890856e-14,-133.454345703125
907,1.0531829275350901e-06,1053.1829833984375,315.9548645019531,-1.0404573203004475e-08,-1.7334809143676466e-08,2.0217584051351878e-08,-2.111372232437134,-120.97270965576172,4.087507041230376e-16,-153.88540649414062
908,1.6231930430876673e-06,1623.1929931640625,486.9579162597656,-4.954957777414393e-09,-1.1291226620357975e-08,1.2330588994302616e-08,-1.9843246936798096,-113.69342041015625,1.5204341988377178e-16,-158.18032836914062
909,1.6231929294008296e-06,1623.19287109375,486.9578857421875,-4.954959109682022e-09,-1.1291232837606913e-08,1.2330594323373134e-08,-1.98432457447052,-113.69342041015625,1.5204355223266978e-16,-158.18032836914062
910,4.844086447519658e-07,484.40863037109375,145.3225860595703,2.973057633415266e-10,-3.809963455836396e-10,4.832690359002356e-10,-0.9081602096557617,-52.03374481201172,2.335489658827892e-19,-186.31622314453125
911,1.0565106549620396e-06,1056.5106201171875,316.95318603515625,-4.084416832528248e-11,-2.8457641798596e-10,2.8749258529359167e-10,-1.7133489847183228,-98.16766357421875,8.265198374152656e-20,-190.8274688720703
912,9.932381317412364e-07,993.2381591796875,297.971435546875,-5.359375720992432e-10,6.304834987425068e-10,8.274892993043181e-10,2.2753148078918457,130.3659210205078,6.847385601077478e-19,-181.64474487304688
913,1.6353487808373757e-06,1635.3487548828125,490.6046447753906,2.0455670490804323e-09,4.8469166458176005e-09,5.260888169544842e-09,1.1714400053024292,67.11856079101562,2.7676943826599623e-17,-165.57882690429688
914,1.8517833950681961e-06,1851.783447265625,555.5350341796875,6.553639853024151e-09,-2.8188390288619303e-08,2.8940204899186028e-08,-1.342360258102417,-76.91157531738281,8.375354844540931e-16,-150.7699737548828
915,1.8517833950681961e-06,1851.783447265625,555.5350341796875,6.552248965618901e-09,-2.8188955170094232e-08,2.894044115464567e-08,-1.3424115180969238,-76.91451263427734,8.375491428603676e-16,-150.7698974609375
916,1.6475021311634919e-06,1647.5020751953125,494.2506408691406,-2.2007894528996985e-07,-6.244235351005045e-09,2.201675215474097e-07,-3.113227605819702,-178.37478637695312,4.8473737231189556e-14,-133.14492797851562
917,4.832955369238334e-07,483.2955322265625,144.98866271972656,-6.662059792716946e-10,-7.358995079975728e-10,9.926623967260184e-10,-2.3065290451049805,-132.1543731689453,9.853785945110645e-19,-180.06396484375
918,1.851303636613011e-06,1851.3035888671875,555.39111328125,1.545937067248815e-08,6.5244236679973255e-09,1.6779758027496428e-08,0.3993581235408783,22.881534576416016,2.8156028970289105e-16,-155.50428771972656
919,1.100255872188427e-06,1100.255859375,330.0767517089844,-3.0543137463645564e-10,3.105881662968102e-10,4.3560682838617026e-10,2.3478236198425293,134.52037048339844,1.8975330673980095e-19,-187.21810913085938
920,1.6231930430876673e-06,1623.1929931640625,486.9579162597656,-3.2836096064414733e-09,5.293216531754297e-09,6.228983551181955e-09,2.126039743423462,121.81309509277344,3.880023673822475e-17,-164.1116485595703
921,1.6231929294008296e-06,1623.19287109375,486.9578857421875,-3.283538996257107e-09,5.293255167515554e-09,6.228979110289856e-09,2.1260268688201904,121.81236267089844,3.8800180489943095e-17,-164.11166381835938
922,1.0149624358746223e-06,1014.9624633789062,304.4887390136719,-2.521412767464426e-08,-2.1631146651657218e-08,3.322135810890359e-08,-2.4325313568115234,-139.373779296875,1.1036586251630541e-15,-149.5716552734375
923,1.0531829275350901e-06,1053.1829833984375,315.9548645019531,-1.040440800181841e-08,-1.7334874868879524e-08,2.0217555629642447e-08,-2.111363410949707,-120.97220611572266,4.087495659225147e-16,-153.88543701171875
924,1.1382716138541582e-06,1138.2716064453125,341.4814758300781,-5.132737568303014e-10,-2.1762600610486516e-09,2.235968965536017e-09,-1.802414894104004,-103.27075958251953,4.999557377248079e-18,-173.0106964111328
925,1.0540260291236336e-06,1054.0260009765625,316.2077941894531,2.1304442654468403e-09,8.194569467434576e-09,8.466980006005542e-09,1.3164446353912354,75.42671966552734,7.168975183905588e-17,-161.4454345703125
926,9.940471272784634e-07,994.047119140625,298.2141418457031,2.311765889828621e-09,1.7772608273958213e-08,1.7922326733810223e-08,1.4414479732513428,82.58888244628906,3.2120979608474644e-16,-154.93211364746094
927,4.2989660187231493e-07,429.8966064453125,128.96897888183594,6.58103971318269e-09,-6.000560937025057e-09,8.905998605257537e-09,-0.7392937541007996,-42.3584098815918,7.931681369049293e-17,-161.00634765625
928,1.0363543196945102e-06,1036.3543701171875,310.90631103515625,-5.421486592993574e-10,-2.1277002382191768e-09,2.195684967176703e-09,-1.8202921152114868,-104.29505157470703,4.821032362314741e-18,-173.16860961914062
929,4.7372441258630715e-07,473.72442626953125,142.11732482910156,-9.851609528155336e-10,1.716878417212797e-09,1.979447938893486e-09,2.091735363006592,119.84760284423828,3.918213940959558e-18,-174.06912231445312
930,1.6353487808373757e-06,1635.3487548828125,490.6046447753906,1.5030899858103908e-09,-2.156236522665722e-09,2.6284283638489114e-09,-0.9620263576507568,-55.12004852294922,6.908635637100039e-18,-171.6060791015625
931,2.2898943825566676e-06,2289.894287109375,686.9683227539062,3.3393061649178435e-09,6.499762505995932e-09,7.307385363475305e-09,1.0962028503417969,62.80779266357422,5.33978801284747e-17,-162.72476196289062
932,1.4607240927944076e-06,1460.72412109375,438.21722412109375,-8.098071102580207e-10,3.5283068133828976e-10,8.833329068203e-10,2.730696439743042,156.45736694335938,7.802770419782216e-19,-181.0775146484375
933,1.0779033345897915e-06,1077.9033203125,323.3710021972656,1.3853840297173292e-10,9.652784127567315e-10,9.75169389683117e-10,1.4282480478286743,81.83258056640625,9.509553699220937e-19,-180.2183837890625
934,1.6870870922502945e-06,1687.0870361328125,506.1261291503906,-1.1454925008536065e-08,-2.5161069672208214e-08,2.764588202808227e-08,-1.9980189800262451,-114.4780502319336,7.642947689665003e-16,-151.16738891601562
935,1.0767104186015786e-06,1076.71044921875,323.01312255859375,-1.0016015794533928e-09,-5.122068102991761e-09,5.2190793908835076e-09,-1.7639058828353882,-101.0643539428711,2.7238789564852734e-17,-165.6481170654297
936,1.1168830269525643e-06,1116.883056640625,335.0649108886719,-8.945010843142143e-10,-3.3767104667958847e-09,3.4931799675064212e-09,-1.8297514915466309,-104.83702850341797,1.2202306180128085e-17,-169.13558959960938
937,1.1168830269525643e-06,1116.883056640625,335.0649108886719,-8.945080232081182e-10,-3.376772195196054e-09,3.4932414738619855e-09,-1.8297488689422607,-104.83688354492188,1.2202736314046613e-17,-169.13543701171875
938,1.0363543196945102e-06,1036.3543701171875,310.90631103515625,-7.929366607761779e-10,7.281599767594571e-10,1.0765526248235346e-09,2.398754358291626,137.43849182128906,1.1589655479826144e-18,-179.3592987060547
939,2.3455295377061702e-06,2345.529541015625,703.6588745117188,1.846217290157881e-09,2.940162835418647e-10,1.8694821246612037e-09,0.15792715549468994,9.048559188842773,3.494963405899344e-18,-174.56558227539062
940,1.076710645975254e-06,1076.710693359375,323.01318359375,-1.0014479245867847e-09,-5.122098745147241e-09,5.2190793908835076e-09,-1.7638758420944214,-101.06263732910156,2.7238789564852734e-17,-165.6481170654297
941,1.4598451798519818e-06,1459.84521484375,437.95355224609375,1.321340903359669e-08,9.080194929289576e-10,1.3244571661630289e-08,0.06861168146133423,3.931159496307373,1.7541868372668328e-16,-157.55923461914062
942,1.459845066165144e-06,1459.8450927734375,437.9535217285156,6.586851064582788e-09,4.52767351388772e-10,6.6023941869275404e-09,0.06863010674715042,3.9322152137756348,4.3591607644544256e-17,-163.60597229003906
943,1.0767105322884163e-06,1076.7105712890625,323.0131530761719,-1.0016250051592124e-09,-5.122064550278083e-09,5.2190798349727174e-09,-1.7639104127883911,-101.06461334228516,2.723879452793641e-17,-165.6481170654297
944,1.1181118679814972e-06,1118.11181640625,335.4335632324219,2.468007742617573e-10,-1.8728951722835063e-10,3.0981928134110603e-10,-0.6491532921791077,-37.19374084472656,9.598798990991107e-20,-190.17782592773438
945,1.998028892558068e-06,1998.0289306640625,599.40869140625,-1.2488553524647727e-09,-1.1522059001345397e-10,1.254159331942617e-09,-3.0495922565460205,-174.728759765625,1.5729156778255888e-18,-178.032958984375
946,1.0363543196945102e-06,1036.3543701171875,310.90631103515625,-1.275290539837215e-08,-5.00481256437979e-08,5.164737615359627e-08,-1.820299506187439,-104.29547119140625,2.6674513817795354e-15,-145.73902893066406
947,1.1168829132657265e-06,1116.8829345703125,335.06488037109375,-8.943858431642582e-10,-3.376747548244907e-09,3.493186184755359e-09,-1.8297168016433716,-104.83504486083984,1.220235002070055e-17,-169.1355743408203
948,4.833991624764167e-07,483.399169921875,145.01974487304688,-1.4696404093683668e-09,1.9484562852056797e-09,2.440558199978682e-09,2.217017650604248,127.02574920654297,5.9563245181539705e-18,-172.25021362304688
949,2.289894155182992e-06,2289.89404296875,686.96826171875,2.041725899459834e-09,3.973974038729011e-09,4.467786585138356e-09,1.096190094947815,62.807064056396484,1.9961117223629513e-17,-166.99815368652344
950,2.4746991584834177e-06,2474.69921875,742.4097290039062,-8.71092442622512e-09,-4.6051631952259697e-10,8.723088917861332e-09,-3.088775396347046,-176.97378540039062,7.609227837430401e-17,-161.1865997314453
951,1.8848052150133299e-06,1884.80517578125,565.4415893554688,2.8947683361479903e-08,9.257626887304582e-10,2.8962480413952107e-08,0.031969647854566574,1.831725835800171,8.388252509349654e-16,-150.76327514648438
952,1.7622871837374987e-06,1762.2872314453125,528.6861572265625,4.900380989880659e-09,6.115752904101157e-10,4.938396358511454e-09,0.12415962666273117,7.113821983337402,2.4387759382456015e-17,-166.12826538085938
953,5.215670739744382e-07,521.5670776367188,156.47012329101562,8.346162094774456e-10,-1.4122362168578206e-09,1.6404253511126399e-09,-1.0370287895202637,-59.4173698425293,2.6909953424909322e-18,-175.70086669921875
954,1.6883748230611673e-06,1688.3748779296875,506.512451171875,9.32692950650349e-11,2.211193589340965e-10,2.3998528164703714e-10,1.1716347932815552,67.12972259521484,5.759293482514472e-20,-192.3963165283203
955,1.975898385353503e-06,1975.8984375,592.76953125,-6.435927790704454e-09,-7.755888986604731e-11,6.4363949725532166e-09,-3.129542350769043,-179.30955505371094,4.14271803839584e-17,-163.8271484375
956,1.1181117542946595e-06,1118.1116943359375,335.43353271484375,1.3951277633150738e-10,6.274901709346636e-10,6.428123588975154e-10,1.352020263671875,77.46504974365234,4.1320773524320806e-19,-183.83831787109375
957,1.6870870922502945e-06,1687.0870361328125,506.1261291503906,-1.1455224324663504e-08,-2.516093289273158e-08,2.764588025172543e-08,-1.9980309009552002,-114.47872924804688,7.642947160269411e-16,-151.16738891601562
958,1.3674712135980371e-06,1367.47119140625,410.2413635253906,3.5371987561205742e-09,-2.593598003031161e-09,4.3861740905981605e-09,-0.6326848864555359,-36.25017166137695,1.9238523673366465e-17,-167.1582794189453
959,1.0565106549620396e-06,1056.5106201171875,316.95318603515625,-1.001383420629054e-09,6.036260380426484e-10,1.1692447010602791e-09,2.5991225242614746,148.9187469482422,1.36713320055225e-18,-178.6418914794922
960,1.6883751641216804e-06,1688.3751220703125,506.5125427246094,1.934804538805679e-09,4.587108470843759e-09,4.978457202042819e-09,1.171646237373352,67.13037872314453,2.4785036032691758e-17,-166.05810546875
961,1.3683450106327655e-06,1368.344970703125,410.5035095214844,-2.092830131417145e-09,4.124914632086529e-09,4.6254573504711516e-09,2.0403170585632324,116.90155029296875,2.1394856144477875e-17,-166.69691467285156
962,1.3684106079381309e-06,1368.41064453125,410.523193359375,-7.733477747073891e-10,5.60416102413086e-10,9.550565893690077e-10,2.5145058631896973,144.07057189941406,9.121330954379893e-19,-180.3994140625
963,1.0375953252150794e-06,1037.5953369140625,311.2785949707031,8.69216643106796e-11,3.9175154786796895e-10,4.0127876022033604e-10,1.3524539470672607,77.48989868164062,1.6102463905688953e-19,-187.9310760498047
964,5.214015459387156e-07,521.4015502929688,156.42047119140625,9.011062118702284e-09,-1.8861721073903936e-09,9.206351236912269e-09,-0.2063383311033249,-11.822315216064453,8.475690264656837e-17,-160.71824645996094
965,5.217394800638431e-07,521.739501953125,156.5218505859375,-3.772044343541836e-10,-3.1439999492732795e-09,3.166546802546577e-09,-1.6902015209197998,-96.8414077758789,1.0027018865280022e-17,-169.98828125
966,1.3674710999111994e-06,1367.4710693359375,410.2413330078125,5.6238164347632846e-08,-4.123105767916968e-08,6.97332893651037e-08,-0.6326301693916321,-36.24703598022461,4.862731446892213e-15,-143.13119506835938
967,1.6870870922502945e-06,1687.0870361328125,506.1261291503906,-1.1455086657008451e-08,-2.516102348693039e-08,2.764590512072118e-08,-1.9980250597000122,-114.4783935546875,7.642960924554804e-16,-151.16738891601562
968,1.6340732145181391e-06,1634.0732421875,490.2219543457031,-1.2186954556625551e-08,-2.63567976332979e-08,2.9037952486987706e-08,-2.0039005279541016,-114.81503295898438,8.432026642668164e-16,-150.7406768798828
969,1.3674712135980371e-06,1367.47119140625,410.2413635253906,3.5377312190831844e-09,-2.593575354481459e-09,4.38659020218779e-09,-0.632608950138092,-36.245819091796875,1.924217319422905e-17,-167.15745544433594
970,1.3684106079381309e-06,1368.41064453125,410.523193359375,-1.2323146059145529e-08,8.9293870075835e-09,1.5218208915257492e-08,2.51454496383667,144.0727996826172,2.315938955536987e-16,-156.35272216796875
971,5.217394232204242e-07,521.7394409179688,156.52182006835938,-2.3261396975282622e-10,-1.943361027656465e-09,1.9572330423045514e-09,-1.689926266670227,-96.82563781738281,3.830761097878002e-18,-174.1671600341797
972,9.920322554535232e-07,992.0322265625,297.60968017578125,8.723981537173131e-09,-1.1233858288051124e-08,1.422348194779488e-08,-0.9105003476142883,-52.167823791503906,2.0230744023480563e-16,-156.93988037109375
973,1.054025915436796e-06,1054.02587890625,316.207763671875,2.1303925290538928e-09,8.194387390858537e-09,8.466790824002146e-09,1.316445231437683,75.42675018310547,7.168654899572408e-17,-161.44561767578125
974,1.4154827567836037e-06,1415.4827880859375,424.64483642578125,-2.471864313235983e-08,-2.078903271751642e-09,2.4805910214809046e-08,-3.057687520980835,-175.1925811767578,6.153331725821949e-16,-152.10890197753906
975,5.217394800638431e-07,521.739501953125,156.5218505859375,4.056096791771324e-09,-3.7369125571729e-09,5.515110146347979e-09,-0.744463324546814,-42.654605865478516,3.041644028392214e-17,-165.16891479492188
976,1.0363543196945102e-06,1036.3543701171875,310.90631103515625,-1.2752767730717096e-08,-5.004866565627708e-08,5.1647862875370265e-08,-1.8202943801879883,-104.29518127441406,2.667501780239897e-15,-145.73895263671875
977,1.6883750504348427e-06,1688.375,506.51251220703125,9.327095346067793e-11,2.2111852626682804e-10,2.3998514286915906e-10,1.1716270446777344,67.12928009033203,5.759287020165936e-20,-192.3963165283203
978,2.346833980482188e-06,2346.833984375,704.0501708984375,1.4624482735925426e-09,2.998646442264885e-09,3.3362606011166918e-09,1.1170347929000854,64.00137329101562,1.1130634966742146e-17,-169.5347900390625
979,1.0375953252150794e-06,1037.5953369140625,311.2785949707031,1.4888913713040353e-10,-1.2860769393885363e-10,1.9674326057206315e-10,-0.7124407887458801,-40.819847106933594,3.8707910302070394e-20,-194.12200927734375
980,1.1181118679814972e-06,1118.11181640625,335.4335632324219,1.395147747329517e-10,6.274860631094725e-10,6.428087506726854e-10,1.3520158529281616,77.46479797363281,4.1320308235226245e-19,-183.83836364746094
981,1.3683451243196032e-06,1368.3450927734375,410.5035400390625,-1.3195199100035637e-10,2.600757664783515e-10,2.916345775982876e-10,2.0403144359588623,116.90139770507812,8.505072996974791e-20,-190.70321655273438
982,2.346833980482188e-06,2346.833984375,704.0501708984375,7.503443005818511e-11,1.538527638622611e-10,1.7117487982609703e-10,1.1170347929000854,64.00137329101562,2.930084079107657e-20,-195.33119201660156
983,1.0375953252150794e-06,1037.5953369140625,311.2785949707031,8.693632619349856e-11,3.917445257073382e-10,4.0127506872877916e-10,1.3524144887924194,77.48764038085938,1.6102167930126024e-19,-187.93115234375
984,1.1168830269525643e-06,1116.883056640625,335.0649108886719,-8.944391893805914e-10,-3.3767821872032755e-09,3.4932332582116032e-09,-1.8297290802001953,-104.83574676513672,1.2202678411403734e-17,-169.1354522705078
985,1.1002559858752647e-06,1100.2559814453125,330.0767822265625,-3.0543598206200784e-10,3.1058663974015133e-10,4.356089933210683e-10,2.3478336334228516,134.5209503173828,1.8975519374557334e-19,-187.21804809570312
986,9.75202510744566e-07,975.2025146484375,292.5607604980469,-1.7445330735554876e-09,1.2419480999170673e-09,2.1414552353604677e-09,2.522918939590454,144.55259704589844,4.585830586170494e-18,-173.38580322265625
987,1.909130787680624e-06,1909.1307373046875,572.7392578125,-9.424053204476479e-11,4.2095213426129874e-10,4.31372215725645e-10,1.7910393476486206,102.61898803710938,1.8608199483795505e-19,-187.30294799804688
988,4.737319159175968e-07,473.7319030761719,142.11956787109375,-5.882691223035863e-09,3.097672562901721e-09,6.648430694866647e-09,2.6569125652313232,152.22987365722656,4.420163018524496e-17,-163.5456085205078
989,1.0375953252150794e-06,1037.5953369140625,311.2785949707031,1.4888867916340587e-10,-1.2860916498436126e-10,1.967438850725145e-10,-0.7124479413032532,-40.82025909423828,3.8708155871314746e-20,-194.12197875976562
990,1.1181117542946595e-06,1118.1116943359375,335.43353271484375,2.4679805421534695e-10,-1.8729931494654295e-10,3.0982302834381414e-10,-0.6491838097572327,-37.195491790771484,9.599030989303534e-20,-190.177734375
991,5.221653509579482e-07,522.1653442382812,156.6496124267578,-2.2122228493515195e-09,6.948941977391598e-10,2.318794489752918e-09,2.8372364044189453,162.56166076660156,5.3768079848539135e-18,-172.69476318359375
992,1.077205638466694e-06,1077.2056884765625,323.16168212890625,6.868184354580364e-10,-9.810374734797733e-10,1.197561716459461e-09,-0.9600073099136353,-55.004364013671875,1.434154062118287e-18,-178.43405151367188
993,1.0764642865979113e-06,1076.4642333984375,322.9393005371094,4.8194159774084255e-09,3.889251143363026e-09,6.192983459385459e-09,0.6789924502372742,38.90340042114258,3.835304304674388e-17,-164.16200256347656
994,1.037643642121111e-06,1037.6436767578125,311.2930908203125,-7.500167847895867e-11,-3.9234271387300623e-10,3.994472252966119e-10,-1.7596811056137085,-100.82229614257812,1.5955808660492422e-19,-187.97080993652344
995,1.6987565913950675e-06,1698.756591796875,509.6269836425781,-4.597303926434648e-10,-9.853293736483693e-10,1.0873021372148628e-09,-2.0073485374450684,-115.0125961303711,1.1822259702051821e-18,-179.2729949951172
996,1.054025915436796e-06,1054.02587890625,316.207763671875,5.346730347355333e-08,2.0562551128477935e-07,2.1246319192869123e-07,1.3164069652557373,75.424560546875,4.514060837363526e-14,-133.45431518554688
997,1.0990071359628928e-06,1099.007080078125,329.7021484375,1.4772939538332253e-09,4.616218074460221e-09,4.846841150651926e-09,1.2610728740692139,72.254150390625,2.3491869839501882e-17,-166.2908172607422
998,1.6219076997003867e-06,1621.90771484375,486.5722961425781,2.924847031238187e-08,6.18569373500577e-08,6.842333988288374e-08,1.1291112899780273,64.69330596923828,4.681753540348912e-15,-143.29591369628906
999,2.353936906729359e-06,2353.93701171875,706.1810913085938,3.2729253973684536e-08,3.955401783883872e-09,3.296739947700189e-08,0.12026892602443695,6.890901565551758,1.0868494680830293e-15,-149.6383056640625
1000,1.0149624358746223e-06,1014.9624633789062,304.4887390136719,-2.521404240951597e-08,-2.1629464441730306e-08,3.322019637153062e-08,-2.432568073272705,-139.37586975097656,1.1035814392857356e-15,-149.57196044921875
1001,1.6987567050819052e-06,1698.7567138671875,509.62701416015625,-4.5972903262025966e-10,-9.853298177375791e-10,1.0873019151702579e-09,-2.0073471069335938,-115.01251220703125,1.1822254532172993e-18,-179.2729949951172
1002,1.0539851018620539e-06,1053.985107421875,316.1955261230469,4.5588238739568965e-10,4.1775230497087534e-10,6.183411005444839e-10,0.7417805194854736,42.500892639160156,3.8234570413703703e-19,-184.17543029785156
1003,1.0565106549620396e-06,1056.5106201171875,316.95318603515625,-1.1771361663193147e-10,7.095902337939108e-11,1.3744699822737516e-10,2.599109172821045,148.91798400878906,1.8891677510891695e-20,-197.2373046875
1004,1.0779033345897915e-06,1077.9033203125,323.3710021972656,3.0335856049390486e-09,-1.398422488918527e-09,3.3403930732589515e-09,-0.43194735050201416,-24.74875831604004,1.1158225576073853e-17,-169.5240478515625
1005,4.7278399506467395e-07,472.78399658203125,141.835205078125,-2.5382281165775566e-08,1.3660891085010007e-08,2.8824992170939367e-08,2.6478495597839355,151.71060180664062,8.308801877688384e-16,-150.8046112060547
1006,1.0990072496497305e-06,1099.0072021484375,329.7021789550781,1.4773477996499196e-09,4.6162020872486664e-09,4.846842038830346e-09,1.2610613107681274,72.25348663330078,2.3491878111308008e-17,-166.2908172607422
1007,1.7523028645882732e-06,1752.3028564453125,525.6908569335938,-2.2709824298861037e-10,-4.951719034806956e-10,5.447648998568866e-10,-2.0007996559143066,-114.63736724853516,2.9676880328717443e-19,-185.27581787109375
1008,1.1382716138541582e-06,1138.2716064453125,341.4814758300781,-5.131687297321719e-10,-2.176279600973885e-09,2.235963858510104e-09,-1.802367091178894,-103.26802062988281,4.999534216190928e-18,-173.01071166992188
1009,1.1370660786269582e-06,1137.0660400390625,341.11981201171875,-2.5573330120209903e-08,-1.2636510726693473e-09,2.5604531828093968e-08,-3.0922200679779053,-177.171142578125,6.555920662300405e-16,-151.8336639404297
1010,4.745649562210019e-07,474.56494140625,142.36949157714844,2.0738308292855834e-10,-4.0660935729519565e-10,4.564415789776177e-10,-1.0991567373275757,-62.9770393371582,2.0833891773052522e-19,-186.8123016357422
1011,1.1172364793310408e-06,1117.2364501953125,335.1709289550781,-5.253255816461966e-11,5.97370625188276e-11,7.954989444947103e-11,2.2921109199523926,131.32827758789062,6.328185737107466e-21,-201.98721313476562
1012,1.0531829275350901e-06,1053.1829833984375,315.9548645019531,-1.2301256679947414e-09,-2.0494785868407916e-09,2.390307729527308e-09,-2.111372947692871,-120.9727554321289,5.713570996607421e-18,-172.430908203125
1013,1.054025915436796e-06,1054.02587890625,316.207763671875,1.8088091024992536e-08,6.957003506613546e-08,7.188302220129117e-08,1.316429853439331,75.42587280273438,5.167169064179038e-15,-142.86746215820312
1014,1.054025915436796e-06,1054.02587890625,316.207763671875,1.8087416009393564e-08,6.956987164130624e-08,7.188269535163272e-08,1.3164384365081787,75.42636108398438,5.1671220538504654e-15,-142.86752319335938
1015,1.1181117542946595e-06,1118.1116943359375,335.43353271484375,1.3948149579778857e-10,6.274968322728114e-10,6.428120813417593e-10,1.3520700931549072,77.46790313720703,4.1320737335169007e-19,-183.83831787109375
1016,1.3684108353118063e-06,1368.410888671875,410.52325439453125,-7.735675433551137e-10,5.604514630164203e-10,9.552552082681132e-10,2.514610767364502,144.07656860351562,9.12512564543998e-19,-180.39761352539062
1017,9.940472409653012e-07,994.0472412109375,298.21417236328125,7.308140204109748e-10,5.618105536342455e-09,5.665438784774324e-09,1.4414407014846802,82.58846282958984,3.209719518801354e-17,-164.93531799316406
1018,9.916292356138001e-07,991.6292114257812,297.48876953125,-3.083296462591534e-08,-2.321515957248721e-08,3.859553387997039e-08,-2.4962170124053955,-143.02268981933594,1.4896152226892253e-15,-148.26925659179688
1019,1.0779034482766292e-06,1077.9034423828125,323.37103271484375,1.3856948921642243e-10,9.65278523779034e-10,9.751738305752156e-10,1.4282164573669434,81.83077239990234,9.50963951920949e-19,-180.21835327148438
1020,1.0779033345897915e-06,1077.9033203125,323.3710021972656,1.3850773306067765e-10,9.652961763251255e-10,9.7518260133711e-10,1.4282817840576172,81.83451080322266,9.509811159186594e-19,-180.21827697753906
1021,1.1181117542946595e-06,1118.1116943359375,335.43353271484375,2.467986370824349e-10,-1.8729470752099076e-10,3.0982069687546243e-10,-0.6491708159446716,-37.19474411010742,9.598886232696338e-20,-190.1777801513672
1022,5.22671427916066e-07,522.6714477539062,156.80142211914062,-1.3628060901993422e-09,1.274418015562162e-09,1.8658461442555563e-09,2.389697551727295,136.91957092285156,3.4813819274218355e-18,-174.58248901367188
1023,9.916292356138001e-07,991.6292114257812,297.48876953125,-9.579973259121743e-09,-7.21433934813831e-09,1.1992605131183609e-08,-2.4961330890655518,-143.01788330078125,1.4382258131886457e-16,-158.42172241210938
1024,9.726876442073262e-07,972.6876220703125,291.8063049316406,3.184256058830215e-08,1.2767364410137816e-07,1.315846134275489e-07,1.3263769149780273,75.99579620361328,1.7314510488883848e-14,-137.61590576171875
1025,1.0161393220187165e-06,1016.1393432617188,304.841796875,1.4427097294600344e-09,-2.467066329003842e-09,2.8579412170159912e-09,-1.0416375398635864,-59.68143081665039,8.167827868171136e-18,-170.87892150878906
1026,1.413305994901748e-06,1413.3060302734375,423.9917907714844,1.92080618077739e-09,-1.1425299595302363e-09,2.234920915000771e-09,-0.5366004705429077,-30.74493980407715,4.994871399077966e-18,-173.01475524902344
1027,1.0363060027884785e-06,1036.3060302734375,310.8918151855469,1.4287771854526454e-08,4.987709090187309e-08,5.1883183971312974e-08,1.291807770729065,74.01512908935547,2.6918647771435357e-15,-145.69947814941406
1028,9.911766483128304e-07,991.1766357421875,297.3529968261719,-1.7716500266828916e-08,-1.7489806936055174e-08,2.4895133066138442e-08,-2.362633466720581,-135.36891174316406,6.197676547588672e-16,-152.0777130126953
1029,1.036306230162154e-06,1036.3062744140625,310.8918762207031,1.4286758442949576e-08,4.987711932358252e-08,5.18829281759281e-08,1.2918267250061035,74.0162124633789,2.691838307363934e-15,-145.6995086669922
1030,1.6218768905673642e-06,1621.8768310546875,486.5630798339844,-3.0481487556244247e-08,-6.14495903050738e-08,6.859426804339819e-08,-2.031271457672119,-116.3832778930664,4.7051735778240195e-15,-143.2742462158203
1031,1.053978508025466e-06,1053.978515625,316.19354248046875,-5.964979976624818e-08,-2.048792140385558e-07,2.1338601641218702e-07,-1.854110598564148,-106.23270416259766,4.553359100357979e-14,-133.41668701171875
1032,5.224960091254616e-07,522.4960327148438,156.74880981445312,4.8654139744863656e-11,1.1210165434816233e-10,1.22204774077872e-10,1.1613121032714844,66.53827667236328,1.4934006020737592e-20,-198.2582244873047
1033,1.014436975310673e-06,1014.4369506835938,304.3310852050781,-9.800809266380384e-07,2.038670032789014e-08,9.802929525903892e-07,3.1207945346832275,178.808349609375,9.609742472257987e-13,-120.17288208007812
1034,1.0766640343717881e-06,1076.6640625,322.99920654296875,8.478815871626466e-09,3.766427880691481e-08,3.860684216761001e-08,1.3493719100952148,77.31330871582031,1.4904883018996076e-15,-148.2667236328125
1035,1.0363061164753162e-06,1036.30615234375,310.891845703125,1.8214029395835496e-08,-1.7753414738308493e-08,2.5434907513499638e-08,-0.7725924253463745,-44.26628112792969,6.469345424761543e-16,-151.89138793945312
1036,1.687057533672487e-06,1687.0574951171875,506.11724853515625,5.753026388610749e-10,1.205395450121216e-09,1.335646482303332e-09,1.1254950761795044,64.48611450195312,1.7839514757716754e-18,-177.48617553710938
1037,1.1168381206516642e-06,1116.838134765625,335.0514221191406,9.902121345106707e-10,3.3644191876902596e-09,3.5071123782870472e-09,1.284559726715088,73.59984588623047,1.2299837391792987e-17,-169.10101318359375
1038,9.927899782269378e-07,992.7899780273438,297.8370056152344,6.176634759214039e-09,3.003193782546987e-08,3.066053011480108e-08,1.3679559230804443,78.37809753417969,9.400680815653973e-16,-150.26840209960938
1039,1.3673701459993026e-06,1367.3701171875,410.2110290527344,-3.7949128284253675e-09,1.6687611292809379e-09,4.14561540651448e-09,2.727306604385376,156.26315307617188,1.7186126446222343e-17,-167.64822387695312
1040,1.6340425190719543e-06,1634.04248046875,490.2127685546875,2.538327947831931e-08,5.231268573879788e-08,5.814574421947327e-08,1.119040608406067,64.11630249023438,3.3809275620425667e-15,-144.7096405029297
1041,9.714049156173132e-07,971.4049072265625,291.4214782714844,2.1866664212666365e-07,6.876485940665589e-07,7.215786013148318e-07,1.262916088104248,72.35975646972656,5.206756792212885e-13,-122.8343276977539
1042,9.714048019304755e-07,971.40478515625,291.42144775390625,2.186584708852024e-07,6.876547331557958e-07,7.215820119199634e-07,1.2629294395446777,72.36051940917969,5.206806123411734e-13,-122.83428192138672
1043,1.0527601261856034e-06,1052.7601318359375,315.8280334472656,-9.608616124978653e-08,-6.997130430619336e-09,9.634059949803486e-08,-3.068899631500244,-175.83499145507812,9.281510903271818e-15,-140.3238067626953
1044,9.714048019304755e-07,971.40478515625,291.42144775390625,2.186710048590612e-07,6.876493330310041e-07,7.215806476779107e-07,1.2629106044769287,72.35944366455078,5.206786065671543e-13,-122.83430480957031
1045,1.0539783943386283e-06,1053.9783935546875,316.1935119628906,-2.0177870041493406e-08,-6.931725238246145e-08,7.219438202810124e-08,-1.8540630340576172,-106.22998046875,5.212028776098573e-15,-142.82992553710938
1046,1.0527601261856034e-06,1052.7601318359375,315.8280334472656,-2.41209249907115e-06,-1.7564167364980676e-07,2.418478743493324e-06,-3.068903923034668,-175.83523559570312,5.8490395686561225e-12,-112.32916259765625
1047,1.0527602398724412e-06,1052.76025390625,315.82806396484375,-2.412090907455422e-06,-1.7564165943895205e-07,2.418477151877596e-06,-3.068903684616089,-175.83522033691406,5.849031762400481e-12,-112.32916259765625
1048,5.214711222834012e-07,521.4711303710938,156.4413299560547,-1.2437327834291523e-09,2.417916977748291e-09,2.7190427687173724e-09,2.0458831787109375,117.22046661376953,7.39319390403054e-18,-171.31167602539062
1049,1.3674346064362908e-06,1367.4345703125,410.2303771972656,-5.548164594415539e-08,4.259612751411623e-08,6.994743273480708e-08,2.4868268966674805,142.48468017578125,4.8926431448750776e-15,-143.1045684814453
1050,1.41544751386391e-06,1415.447509765625,424.6342468261719,2.4831180667206354e-08,1.5561427701982211e-09,2.4879891924456388e-08,0.06258704513311386,3.5859732627868652,6.190090308754825e-16,-152.08303833007812
1051,1.687057533672487e-06,1687.0574951171875,506.11724853515625,1.193665255527776e-08,2.5009981641233026e-08,2.7712504291343976e-08,1.125493049621582,64.48600006103516,7.679829092375231e-16,-151.146484375
1052,1.90796686183603e-06,1907.9669189453125,572.3900756835938,-5.225306853873235e-09,-5.404367509065366e-10,5.253180557218684e-09,-3.038532257080078,-174.09506225585938,2.7595906596349028e-17,-165.591552734375
1053,1.0766640343717881e-06,1076.6640625,322.99920654296875,8.478455271188068e-09,3.766415446193605e-08,3.8606643215644e-08,1.3493802547454834,77.31378936767578,1.4904729494274386e-15,-148.2667694091797
1054,4.8117703954631e-07,481.1770324707031,144.35311889648438,-2.998478265681115e-08,5.62737838549765e-08,6.376382799544444e-08,2.0603675842285156,118.05036163330078,4.065825909456422e-15,-143.90850830078125
1055,1.687057533672487e-06,1687.0574951171875,506.11724853515625,1.1936598376394159e-08,2.5009985193946704e-08,2.7712482975061903e-08,1.1254948377609253,64.48609924316406,7.679816916276614e-16,-151.146484375
1056,4.844085879085469e-07,484.4085998535156,145.32257080078125,-1.1925367637832807e-10,-1.5323160795777113e-10,1.9416838969998906e-10,-2.2321386337280273,-127.8921127319336,3.770136397473834e-20,-194.23643493652344
1057,1.3673701459993026e-06,1367.3701171875,410.2110290527344,-6.005608099712845e-08,2.641357887966933e-08,6.560799903354564e-08,2.727240562438965,156.25936889648438,4.304409679709541e-15,-143.66085815429688
1058,1.7622591030885815e-06,1762.2591552734375,528.677734375,-4.921316243411411e-09,-5.283848358850207e-10,4.949599841097552e-09,-3.0346357822418213,-173.87181091308594,2.4498538718811566e-17,-166.10858154296875
1059,1.851303636613011e-06,1851.3035888671875,555.39111328125,1.545931205271245e-08,6.524486728665124e-09,1.6779726053073318e-08,0.3993629515171051,22.881811141967773,2.815592044419274e-16,-155.50430297851562
1060,1.6231929294008296e-06,1623.19287109375,486.9578857421875,-4.954980425964095e-09,-1.1291223955822716e-08,1.2330594323373134e-08,-1.9843264818191528,-113.69352722167969,1.5204355223266978e-16,-158.18032836914062
1061,1.623193156774505e-06,1623.193115234375,486.95794677734375,-4.954955112879134e-09,-1.1291194645934866e-08,1.2330557908057926e-08,-1.9843255281448364,-113.69347381591797,1.5204265226016333e-16,-158.1803436279297
1062,1.6340427464456297e-06,1634.042724609375,490.21282958984375,2.5382584922795104e-08,5.231272126593467e-08,5.814547776594736e-08,1.1190516948699951,64.11693572998047,3.380896645339992e-15,-144.70968627929688
1063,1.0552444109634962e-06,1055.244384765625,316.5733337402344,-8.288289166102913e-09,-3.833898531979685e-08,3.922465197092606e-08,-1.783704161643982,-102.19871520996094,1.5385733035240502e-15,-148.12881469726562
1064,2.281228717038175e-06,2281.228759765625,684.3685913085938,-3.700352024793574e-09,-7.263500023668712e-09,8.151751273999253e-09,-2.041971206665039,-116.99632263183594,6.645105158363505e-17,-161.7749786376953
1065,5.207131152928923e-07,520.713134765625,156.21392822265625,1.8572199778077447e-08,-1.8875676133234265e-08,2.648051733444845e-08,-0.7935019731521606,-45.46431350708008,7.012178135712486e-16,-151.54147338867188
1066,1.9658493783936137e-06,1965.849365234375,589.7548217773438,2.2539645705421663e-09,3.264772896471868e-10,2.2774861996310847e-09,0.14384539425373077,8.24173355102539,5.186943564493392e-18,-172.8508758544922
1067,1.6987565913950675e-06,1698.756591796875,509.6269836425781,-4.5971654261123263e-10,-9.853382554325663e-10,1.087304357660912e-09,-2.007333517074585,-115.01173400878906,1.1822307264937043e-18,-179.27297973632812
1068,1.6340425190719543e-06,1634.04248046875,490.2127685546875,2.5383908308640457e-08,5.231283495277239e-08,5.8146152781546334e-08,1.1190320253372192,64.11580657958984,3.380974995887613e-15,-144.70957946777344
1069,1.1382716138541582e-06,1138.2716064453125,341.4814758300781,-5.132921865325102e-10,-2.17625006904143e-09,2.235963636465499e-09,-1.8024238348007202,-103.27127075195312,4.999533389010315e-18,-173.01071166992188
1070,1.4133061085885856e-06,1413.30615234375,423.9918212890625,1.912175751073164e-09,-1.1375034247862459e-09,2.224933792760453e-09,-0.5366417765617371,-30.74730682373047,4.9503302046338235e-18,-173.0536651611328
1071,2.448791292408714e-06,2448.791259765625,734.6373901367188,5.5977881885382885e-08,6.2393641364622e-09,5.6324534369878165e-08,0.11100306361913681,6.360006809234619,3.1724532719654966e-15,-144.98605346679688
1072,1.037595438901917e-06,1037.595458984375,311.27862548828125,1.488892897860694e-10,-1.2860894293975633e-10,1.9674419038384627e-10,-0.712445080280304,-40.82009506225586,3.8708275424762654e-20,-194.12197875976562
1073,1.1159633004353964e-06,1115.9632568359375,334.78900146484375,-4.253316310265376e-10,-7.959728987039227e-10,9.024853642181085e-10,-2.0615482330322266,-118.11800384521484,8.144798229339471e-19,-180.8911895751953
1074,1.0375953252150794e-06,1037.5953369140625,311.2785949707031,8.693896297318204e-11,3.9174480326309435e-10,4.0127592915162325e-10,1.3524081707000732,77.48727416992188,1.6102237723490208e-19,-187.93113708496094
1075,1.3683451243196032e-06,1368.3450927734375,410.5035400390625,-1.3194763337498472e-10,2.600732407209705e-10,2.91630358750794e-10,2.0403051376342773,116.90086364746094,8.504826781495586e-20,-190.70335388183594
1076,1.100255872188427e-06,1100.255859375,330.0767517089844,-2.4351101690633925e-10,-8.493061254277734e-10,8.835261966488872e-10,-1.8500232696533203,-105.99851989746094,7.806185641736295e-19,-181.0756072998047
1077,4.832954800804146e-07,483.29547119140625,144.9886474609375,1.362745805089105e-09,-2.0647354936897955e-09,2.473905524880138e-09,-0.9874164462089539,-56.574790954589844,6.12020843624512e-18,-172.13233947753906
1078,1.100255872188427e-06,1100.255859375,330.0767517089844,-2.435144863532912e-10,-8.493055703162611e-10,8.835266407380971e-10,-1.8500272035598755,-105.99874114990234,7.806193396554537e-19,-181.0756072998047
1079,1.1002559858752647e-06,1100.2559814453125,330.0767822265625,-2.4349289251546224e-10,-8.493108993867793e-10,8.835258080708286e-10,-1.8500020503997803,-105.99730682373047,7.806178403905935e-19,-181.0756072998047
1080,1.116838234338502e-06,1116.8382568359375,335.0514831542969,9.903095010699303e-10,3.364397871408187e-09,3.5071192616698e-09,1.2845313549041748,73.59822082519531,1.2299885368268515e-17,-169.10098266601562
1081,1.116838234338502e-06,1116.8382568359375,335.0514831542969,9.903108333375599e-10,3.3644014241218656e-09,3.5071230364280837e-09,1.2845312356948853,73.59821319580078,1.2299911838048117e-17,-169.10096740722656
1082,5.205438355915248e-07,520.5438232421875,156.16314697265625,3.628936795507798e-08,-6.000042684917162e-09,3.678204052448564e-08,-0.16385647654533386,-9.388283729553223,1.3529185045624845e-15,-148.68728637695312
1083,1.6987567050819052e-06,1698.7567138671875,509.62701416015625,-5.1562500935631306e-09,-1.1051704440490084e-08,1.2195371823509049e-08,-2.007333278656006,-115.01171875,1.4872708737192418e-16,-158.27609252929688
1084,1.1382716138541582e-06,1138.2716064453125,341.4814758300781,-5.132531066820434e-10,-2.176264723985355e-09,2.235968965536017e-09,-1.8024053573608398,-103.27021789550781,4.999557377248079e-18,-173.0106964111328
1085,4.822875894205936e-07,482.28759765625,144.686279296875,-6.709327315945757e-09,1.0523081073188223e-08,1.2479996591707732e-08,2.138392210006714,122.52084350585938,1.557503139936424e-16,-158.07571411132812
1086,1.6987567050819052e-06,1698.7567138671875,509.62701416015625,-5.15648945764724e-09,-1.1051702664133245e-08,1.2195471299492056e-08,-2.0073513984680176,-115.01275634765625,1.4872952259164753e-16,-158.27603149414062
1087,1.4164511412673164e-06,1416.451171875,424.9353332519531,1.3296124201644943e-09,-1.2112767455718654e-09,1.7986274691850213e-09,-0.738859236240387,-42.33351516723633,3.2350607758933448e-18,-174.90118408203125
1088,1.137066192313796e-06,1137.066162109375,341.1198425292969,-2.5573321238425706e-08,-1.2636551804945384e-09,2.560452294630977e-08,-3.092219829559326,-177.171142578125,6.555915897740077e-16,-151.8336639404297
1089,1.4133058812149102e-06,1413.305908203125,423.99176025390625,1.9207995194392424e-09,-1.14259279815343e-09,2.234947338308757e-09,-0.5366261005401611,-30.746408462524414,4.9949896859055614e-18,-173.01466369628906
1090,1.0552444109634962e-06,1055.244384765625,316.5733337402344,-3.30380750535042e-10,-1.5282631826707416e-09,1.5635662764523772e-09,-1.7837005853652954,-102.1985092163086,2.444739538230833e-18,-176.11767578125
1091,1.0544006272539264e-06,1054.400634765625,316.3201904296875,1.319662573662228e-10,-1.6403915725771157e-10,2.1053252197145156e-10,-0.8933295011520386,-51.18400573730469,4.432394321107407e-20,-193.5336151123047
1092,1.6327669527527178e-06,1632.7669677734375,489.830078125,6.408797048607084e-07,4.921905727428566e-08,6.427669063668873e-07,0.0766487568616867,4.391650199890137,4.1314930534878946e-13,-123.83892822265625
1093,4.736187122489355e-07,473.61871337890625,142.0856170654297,8.83968065412688e-10,-1.8006186541796865e-09,2.0058981142767607e-09,-1.1144353151321411,-63.85243606567383,4.023627356681478e-18,-173.95382690429688
1094,1.623193156774505e-06,1623.193115234375,486.95794677734375,-3.2835889562932152e-09,5.29320809405931e-09,6.228965343524351e-09,2.12603759765625,121.81297302246094,3.8800008436375684e-17,-164.1116943359375
1095,1.0350653383284225e-06,1035.0653076171875,310.51959228515625,-3.6834151284637073e-09,-1.1492286233760751e-08,1.2068148258492783e-08,-1.8809635639190674,-107.77127075195312,1.456402081445539e-16,-158.3671875
1096,1.0350652246415848e-06,1035.065185546875,310.5195617675781,-3.6833578409556367e-09,-1.1492217844022434e-08,1.2068065657899751e-08,-1.8809608221054077,-107.77111053466797,1.4563820967619396e-16,-158.36724853515625
1097,5.22671427916066e-07,522.6714477539062,156.80142211914062,-1.3628105310914407e-09,1.2743831545591888e-09,1.8658254941072983e-09,2.3897128105163574,136.9204559326172,3.481304586034562e-18,-174.58258056640625
1098,9.91583533505036e-07,991.5835571289062,297.4750671386719,-1.2741770660795737e-07,-5.08246159824921e-07,5.239746769802878e-07,-1.816434383392334,-104.07402038574219,2.74549453267367e-13,-125.6137924194336
1099,5.22671427916066e-07,522.6714477539062,156.80142211914062,5.489741994324504e-11,4.0866429684704997e-10,4.1233508274451935e-10,1.437261939048767,82.34903717041016,1.7002021529370663e-19,-187.6949920654297
1100,2.345508391954354e-06,2345.50830078125,703.6525268554688,-3.6115817891868573e-08,-5.273377734482665e-09,3.6498779110161195e-08,-2.9966042041778564,-171.69276428222656,1.3321609033988338e-15,-148.7544403076172
1101,1.7523030919619487e-06,1752.3031005859375,525.69091796875,-2.271013238575037e-10,-4.951720145029981e-10,5.447663431468186e-10,-2.0008046627044678,-114.63765716552734,2.967703801002171e-19,-185.2758026123047
1102,1.0552444109634962e-06,1055.244384765625,316.5733337402344,-2.807975629792736e-09,-1.2988641273636858e-08,1.328869903005625e-08,-1.783706784248352,-102.19886779785156,1.7658952148780514e-16,-157.5303497314453
1103,5.207131152928923e-07,520.713134765625,156.21392822265625,3.0216440904951014e-08,-3.071274434773841e-08,4.308487078219514e-08,-0.7935435175895691,-45.46669006347656,1.8563061617092157e-15,-147.31350708007812
1104,5.2071322897973e-07,520.7132568359375,156.21397399902344,3.021533601099691e-08,-3.071366094786754e-08,4.308474998993006e-08,-0.7935767769813538,-45.468597412109375,1.856295785555612e-15,-147.3135223388672
1105,1.6231929294008296e-06,1623.19287109375,486.9578857421875,-4.954979981874885e-09,-1.1291199975005384e-08,1.2330573007091061e-08,-1.9843271970748901,-113.69356536865234,1.5204303607196755e-16,-158.18032836914062
1106,1.0552444109634962e-06,1055.244384765625,316.5733337402344,-2.8078404046283367e-09,-1.2988734532370927e-08,1.3288762090724049e-08,-1.7836953401565552,-102.19821166992188,1.7659120231880985e-16,-157.53030395507812
1107,1.0535594583416241e-06,1053.5594482421875,316.0678405761719,7.860201933773681e-10,9.35068023011354e-10,1.22154819592879e-09,0.8717835545539856,49.94951629638672,1.4921799549082694e-18,-178.2617950439453
1108,5.22671427916066e-07,522.6714477539062,156.80142211914062,-1.3619452232660478e-09,1.2746794730844613e-09,1.8653960598413732e-09,2.389279842376709,136.89564514160156,3.479702337188047e-18,-174.58457946777344
1109,1.037595438901917e-06,1037.595458984375,311.27862548828125,8.692548070232675e-11,3.9174671839781183e-10,4.0127490219532547e-10,1.3524420261383057,77.48921966552734,1.6102155005428952e-19,-187.93115234375
1110,5.205438924349437e-07,520.5438842773438,156.1631622314453,2.2022154766432323e-08,-3.644541557434877e-09,2.232169293847619e-08,-0.16400779783725739,-9.396954536437988,4.982579726786e-16,-153.02545166015625
1111,5.223272410148638e-07,522.3272705078125,156.6981658935547,-2.8928889839185956e-10,6.165444821348842e-10,6.810397801260137e-10,2.009510040283203,115.13643646240234,4.638151621070851e-19,-183.3365478515625
1112,9.907762432703748e-07,990.7762451171875,297.2328796386719,3.005902371455704e-08,4.1390659788476114e-08,5.115399659416653e-08,0.9426841735839844,54.01182174682617,2.6167314724144216e-15,-145.82241821289062
1113,1.0375953252150794e-06,1037.5953369140625,311.2785949707031,1.4888915100819133e-10,-1.2860823517257813e-10,1.9674363527233396e-10,-0.7124428153038025,-40.81996536254883,3.870805893608671e-20,-194.1219940185547
1114,1.6987565913950675e-06,1698.756591796875,509.6269836425781,-1.0028323060851108e-08,-2.149374012105909e-08,2.3718095931712924e-08,-2.0073437690734863,-115.01232147216797,5.625480910125566e-16,-152.4984130859375
1115,1.0350652246415848e-06,1035.065185546875,310.5195617675781,-8.667595352562785e-08,-2.70424038717465e-07,2.8397514029165905e-07,-1.8809696435928345,-107.77161407470703,8.064188016356291e-14,-130.93438720703125
1116,1.100255872188427e-06,1100.255859375,330.0767517089844,-3.054330954821438e-10,3.1058930427541043e-10,4.356088822987658e-10,2.3478245735168457,134.5204315185547,1.8975510327269384e-19,-187.21807861328125
1117,1.1382716138541582e-06,1138.2716064453125,341.4814758300781,-5.132720914957645e-10,-2.176255620156553e-09,2.2359645246439186e-09,-1.8024145364761353,-103.27073669433594,4.999537524913378e-18,-173.0106964111328
1118,2.4111366201395867e-06,2411.13671875,723.3410034179688,7.597762974320688e-10,1.2615992972531131e-10,7.701794202397139e-10,0.16454742848873138,9.427872657775879,5.931763354418163e-19,-182.26815795898438
1119,1.0552444109634962e-06,1055.244384765625,316.5733337402344,-1.5345916537512494e-08,1.077244515812481e-08,1.8749471308865395e-08,2.5295426845550537,144.93211364746094,3.515426812006334e-16,-154.54022216796875
1120,9.927900919137755e-07,992.7901000976562,297.8370361328125,3.884279564658755e-08,-2.4599186687623842e-08,4.597697866870476e-08,-0.5645464062690735,-32.34612274169922,2.113882528222144e-15,-146.7491912841797
1121,1.100255872188427e-06,1100.255859375,330.0767517089844,-2.4351920480114586e-10,-8.493055148051099e-10,8.835278619834241e-10,-1.8500324487686157,-105.9990463256836,7.806214593057734e-19,-181.07559204101562
1122,9.919817784975749e-07,991.9817504882812,297.59454345703125,-8.413777230487085e-09,1.155137852038024e-08,1.4290766792157683e-08,2.200315475463867,126.06878662109375,2.0422600956500602e-16,-156.89889526367188
1123,4.832954800804146e-07,483.29547119140625,144.9886474609375,1.3633300044446628e-09,-2.0652386467645556e-09,2.4746473759051923e-09,-0.9873314499855042,-56.569923400878906,6.123879463803631e-18,-172.12973022460938
1124,1.3674346064362908e-06,1367.4345703125,410.2303771972656,-3.4894998002243938e-09,2.679746868849975e-09,4.399733022353303e-09,2.4867048263549805,142.47767639160156,1.9357650916463902e-17,-167.13148498535156
1125,5.214710654399823e-07,521.4710693359375,156.44131469726562,-1.2442840091608787e-09,2.4177888580112494e-09,2.7191813245508456e-09,2.0460848808288574,117.23202514648438,7.393947465568575e-18,-171.31124877929688
1126,1.3673701459993026e-06,1367.3701171875,410.2110290527344,-3.794910163890108e-09,1.6687901061018806e-09,4.145624288298677e-09,2.727299928665161,156.2627716064453,1.7186200892477473e-17,-167.648193359375
1127,4.7183789320115466e-07,471.837890625,141.55136108398438,-1.136672693746732e-07,6.222123971610927e-08,1.2958290085407498e-07,2.640749454498291,151.3037872314453,1.6791728530102072e-14,-137.74903869628906
1128,1.634042632758792e-06,1634.0426025390625,490.2127990722656,1.2707806362755036e-08,2.618927830155826e-08,2.910956098389761e-08,1.1190348863601685,64.11597442626953,8.473665194168409e-16,-150.7192840576172
1129,4.8117703954631e-07,481.1770324707031,144.35311889648438,-2.998327630621134e-08,5.627469690239195e-08,6.376392747142745e-08,2.06033992767334,118.04877471923828,4.065838614950631e-15,-143.90850830078125
1130,4.718379500445735e-07,471.83795166015625,141.5513916015625,-1.1519549758531866e-07,6.30608667506749e-08,1.313266011493397e-07,2.640728712081909,151.30259704589844,1.7246676702335935e-14,-137.6329345703125
1131,9.7391944109404e-07,973.91943359375,292.17584228515625,-5.084040299863091e-09,-2.3571477214545666e-08,2.4113523622304456e-08,-1.7832281589508057,-102.17144012451172,5.814620190873899e-16,-152.3547821044922
1132,1.0766641480586259e-06,1076.6641845703125,322.9992370605469,1.150825656992538e-09,5.112731571443874e-09,5.240651024251974e-09,1.349395990371704,77.31468963623047,2.7464422929261274e-17,-165.6123046875
1133,1.3673702596861403e-06,1367.3702392578125,410.2110900878906,-6.005537045439269e-08,2.6412479314785742e-08,6.560691190315993e-08,2.7272515296936035,156.25999450683594,4.3042669546579284e-15,-143.6610107421875
1134,1.0552444109634962e-06,1055.244384765625,316.5733337402344,-3.3041824831769873e-10,-1.528260629157785e-09,1.5635718275675003e-09,-1.783724308013916,-102.19986724853516,2.4447569090236967e-18,-176.11764526367188
1135,9.911768756865058e-07,991.1768798828125,297.3530578613281,-5.678174375134404e-08,-5.604883313026221e-08,7.978494664939717e-08,-2.362689971923828,-135.37216186523438,6.365637675315042e-15,-141.96157836914062
1136,1.1168381206516642e-06,1116.838134765625,335.0514221191406,9.90232118525114e-10,3.3643847707764962e-09,3.5070848447560365e-09,1.2845513820648193,73.599365234375,1.229964383152965e-17,-169.10107421875
1137,4.811770963897288e-07,481.1770935058594,144.35313415527344,-2.9979347004882584e-08,5.6270863524332526e-08,6.37586907714649e-08,2.0603137016296387,118.04727172851562,4.065170729471721e-15,-143.90921020507812
1138,1.3673702596861403e-06,1367.3702392578125,410.2110900878906,-3.794925262923243e-09,1.6687928816594422e-09,4.145639387331812e-09,2.7273008823394775,156.2628173828125,1.718632662393058e-17,-167.64816284179688
1139,9.7391944109404e-07,973.91943359375,292.17584228515625,-9.120608268631258e-09,7.39628580603835e-09,1.1742679717485771e-08,2.4602150917053223,140.95993041992188,1.3789053165655688e-16,-158.6046600341797
1140,1.055244524650334e-06,1055.2445068359375,316.5733642578125,-3.303334827897686e-10,-1.5282906051794498e-09,1.563583262864654e-09,-1.7836673259735107,-102.19660186767578,2.4447926845851897e-18,-176.11756896972656
1141,1.7116263961725053e-06,1711.6263427734375,513.4879150390625,-9.392557132059665e-08,-3.6227212341088944e-09,9.399540346066715e-08,-3.103041648864746,-177.7911834716797,8.835135551497116e-15,-140.53787231445312
1142,9.927900919137755e-07,992.7901000976562,297.8370361328125,1.956624551269215e-08,9.514826615486527e-08,9.71392353221745e-08,1.3679840564727783,78.37970733642578,9.436030888674684e-15,-140.25210571289062
1143,1.0363060027884785e-06,1036.3060302734375,310.8918151855469,1.4285275184988677e-08,4.9877428409672575e-08,5.1882821594517736e-08,1.291855812072754,74.01788330078125,2.691827084177383e-15,-145.69952392578125
1144,4.844086447519658e-07,484.40863037109375,145.3225860595703,2.9730176653863793e-10,-3.8099629007248836e-10,4.83266482387279e-10,-0.9081666469573975,-52.034114837646484,2.3354648434095154e-19,-186.31625366210938
1145,1.116838234338502e-06,1116.8382568359375,335.0514831542969,9.90320714322479e-10,3.3643581254239052e-09,3.5070844006668267e-09,1.2845250368118286,73.59786224365234,1.2299641349987812e-17,-169.10107421875
1146,1.8847788396669785e-06,1884.77880859375,565.4336547851562,-1.908104394487964e-07,-3.039493545742289e-09,1.9083464053437638e-07,-3.125664710998535,-179.08738708496094,3.6417859694678686e-14,-134.38685607910156
1147,1.687057533672487e-06,1687.0574951171875,506.11724853515625,1.1936646338028822e-08,2.501000118115826e-08,2.771251850219869e-08,1.1254935264587402,64.48602294921875,7.679837033309112e-16,-151.146484375
1148,1.3673701459993026e-06,1367.3701171875,410.2110290527344,-6.005460306823807e-08,2.6411576925511326e-08,6.560584608905629e-08,2.727259397506714,156.26043701171875,4.3041271942216314e-15,-143.66114807128906
1149,1.1168381206516642e-06,1116.838134765625,335.0514221191406,9.902220154955899e-10,3.3643836605534716e-09,3.507080847953148e-09,1.284554123878479,73.59952545166016,1.2299615707388823e-17,-169.10108947753906
1150,1.7116266235461808e-06,1711.6265869140625,513.4879760742188,-9.087083974179677e-09,-3.5048072777321693e-10,9.093840347418336e-09,-3.1030426025390625,-177.79122924804688,8.269793098791568e-17,-160.82505798339844
1151,4.811770963897288e-07,481.1770935058594,144.35313415527344,-2.99800646530457e-08,5.6269534809416655e-08,6.375785943646406e-08,2.060333728790283,118.04842376708984,4.065064850353314e-15,-143.90931701660156
1152,4.844085879085469e-07,484.4085998535156,145.32257080078125,-1.192830417773294e-10,-1.532665383496834e-10,1.9421400598851335e-10,-2.232147216796875,-127.89260864257812,3.7719080503248606e-20,-194.23439025878906
1153,4.718379500445735e-07,471.83795166015625,141.5513916015625,-1.1519519915736964e-07,6.306196098648797e-08,1.3132687115557928e-07,2.6407203674316406,151.3021240234375,1.7246747853103504e-14,-137.63291931152344
1154,4.718379500445735e-07,471.83795166015625,141.5513916015625,-1.136683422942042e-07,6.221787884896912e-08,1.2958223294390336e-07,2.6407761573791504,151.30531311035156,1.6791555735380832e-14,-137.74908447265625
1155,1.6974481695797294e-06,1697.4481201171875,509.23443603515625,1.3442389956708212e-07,1.117969627983939e-08,1.3488799766037118e-07,0.08297652006149292,4.754204273223877,1.8194772538658935e-14,-137.40052795410156
1156,1.053978508025466e-06,1053.978515625,316.19354248046875,-2.3766100198940876e-09,-8.163720366383131e-09,8.502623494166528e-09,-1.854085087776184,-106.23124694824219,7.229460615528936e-17,-161.408935546875
1157,4.2780865783242916e-07,427.80865478515625,128.34259033203125,2.9083048502798192e-06,-3.3213918868568726e-06,4.414734576130286e-06,-0.851610541343689,-48.79368591308594,1.9489881930567776e-11,-107.1019058227539
1158,4.2780865783242916e-07,427.80865478515625,128.34259033203125,1.4121584968052048e-07,-1.6126206503486173e-07,2.1435336350350553e-07,-0.851574718952179,-48.79163360595703,4.5947363210181724e-14,-133.3773956298828
1159,4.2780865783242916e-07,427.80865478515625,128.34259033203125,2.9084108064125758e-06,-3.321257736388361e-06,4.414703198563075e-06,-0.8515725135803223,-48.791507720947266,1.948960437481162e-11,-107.10197448730469
1160,1.620591774553759e-06,1620.591796875,486.1775207519531,-7.486927984245995e-07,-8.499539205786277e-08,7.535019221904804e-07,-3.0285515785217285,-173.52320861816406,5.677651274474393e-13,-122.45831298828125
1161,9.739193274072022e-07,973.9193115234375,292.1758117675781,-5.083938603434035e-09,-2.357152517618033e-08,2.4113550267657047e-08,-1.7832236289978027,-102.17118072509766,5.814632896368108e-16,-152.35476684570312
1162,4.2780865783242916e-07,427.80865478515625,128.34259033203125,1.4122097979907267e-07,-1.6125902391195268e-07,2.1435447195017332e-07,-0.851547360420227,-48.79006576538086,4.5947840936763976e-14,-133.37734985351562
1163,9.919818921844126e-07,991.9818725585938,297.5945739746094,-2.6405060360445987e-09,3.624878619490346e-09,4.484642435187425e-09,2.2003555297851562,126.07107543945312,2.0112018128416337e-17,-166.9654541015625
1164,4.7457621121793636e-07,474.5762023925781,142.37286376953125,1.2276585303894194e-09,-7.307314198179427e-10,1.4286755112280503e-09,-0.5369001030921936,-30.762107849121094,2.0411136564082862e-18,-176.9013214111328
1165,4.745762396396458e-07,474.57623291015625,142.3728790283203,1.2276287764123595e-09,-7.306511506932623e-10,1.4286088978465727e-09,-0.5368624329566956,-30.759950637817383,2.040923404867399e-18,-176.9017333984375
1166,5.221653509579482e-07,522.1653442382812,156.6496124267578,-1.3235085249974077e-09,4.1591924349049236e-10,1.3873224791183247e-09,2.8371095657348633,162.5543975830078,1.9246635833633772e-18,-177.1564483642578
1167,1.6218768905673642e-06,1621.8768310546875,486.5630798339844,-3.048032581887128e-08,-6.145003794699733e-08,6.859414725113311e-08,-2.0312533378601074,-116.38224029541016,4.705157060681548e-15,-143.27426147460938
1168,1.6218767768805264e-06,1621.8768310546875,486.5630187988281,-3.048148045081689e-08,-6.144959741050116e-08,6.859427514882555e-08,-2.03127121925354,-116.38326263427734,4.705174424856967e-15,-143.2742462158203
1169,1.0363060027884785e-06,1036.3060302734375,310.8918151855469,6.073614389201509e-10,2.120227327040425e-09,2.2055048898295126e-09,1.291806936264038,74.01508331298828,4.864251722140024e-18,-173.12985229492188
1170,1.0363061164753162e-06,1036.30615234375,310.891845703125,1.4286962723986107e-08,4.9877193930569774e-08,5.1883059626334216e-08,1.2918232679367065,74.0160140991211,2.69185185989109e-15,-145.69949340820312
1171,9.91176761999668e-07,991.1767578125,297.35302734375,-1.7716139666390518e-08,-1.7489682591076416e-08,2.4894792005625277e-08,-2.362626791000366,-135.3685302734375,6.197506611603629e-16,-152.07781982421875
1172,1.116838234338502e-06,1116.8382568359375,335.0514831542969,9.902682007734143e-10,3.364382994419657e-09,3.5070935044956286e-09,1.284541368484497,73.59879302978516,1.2299705042894979e-17,-169.10104370117188
1173,1.6340427464456297e-06,1634.042724609375,490.21282958984375,1.2707448426851897e-08,2.6189331592263443e-08,2.9109454402487245e-08,1.1190468072891235,64.11665344238281,8.473603254884141e-16,-150.7193145751953
1174,9.927899782269378e-07,992.7899780273438,297.8370056152344,1.956730422136843e-08,9.51480600974719e-08,9.713924242760186e-08,1.36797297000885,78.37907409667969,9.436032582740578e-15,-140.25210571289062
1175,5.216434715293872e-07,521.6434936523438,156.4930419921875,-6.273871200335179e-09,6.491494897176153e-09,9.027788294702077e-09,2.3391482830047607,134.0233154296875,8.150096093688204e-17,-160.88836669921875
1176,1.0156145435757935e-06,1015.6145629882812,304.6843566894531,-1.7201150726009473e-08,-8.27366619660097e-08,8.45058210074967e-08,-1.7757786512374878,-101.74461364746094,7.141233981380283e-15,-141.46226501464844
1177,1.6974481695797294e-06,1697.4481201171875,509.23443603515625,1.1988610104651798e-08,9.970509973200592e-10,1.2030000107188243e-08,0.08297557383775711,4.754149913787842,1.4472089946409715e-16,-158.39468383789062
1178,1.6870574199856492e-06,1687.057373046875,506.1172180175781,5.752861520491592e-10,1.2054020004370614e-09,1.335645261058005e-09,1.1255083084106445,64.48686981201172,1.7839481670492252e-18,-177.48617553710938
1179,1.116838234338502e-06,1116.8382568359375,335.0514831542969,9.902423325769405e-10,3.364379441705978e-09,3.5070824022653824e-09,1.284548282623291,73.59918975830078,1.2299627287917399e-17,-169.10108947753906
1180,9.714048019304755e-07,971.40478515625,291.42144775390625,2.1866839006179362e-07,6.87650185682287e-07,7.215806476779107e-07,1.2629144191741943,72.35966491699219,5.206786065671543e-13,-122.83430480957031
1181,1.014436975310673e-06,1014.4369506835938,304.3310852050781,-9.800839961826568e-07,2.0386750065881643e-08,9.802960221350077e-07,3.1207945346832275,178.808349609375,9.609803187579646e-13,-120.1728515625
1182,1.3674347201231285e-06,1367.4346923828125,410.23040771484375,-3.4894800382545554e-09,2.6798137042760573e-09,4.399758335438264e-09,2.486690044403076,142.47683715820312,1.9357872600868066e-17,-167.1314239501953
1183,1.0363061164753162e-06,1036.30615234375,310.891845703125,7.742510521602242e-10,-7.546830937954496e-10,1.0812082340549978e-09,-0.7726004123687744,-44.26673889160156,1.1690112429317647e-18,-179.32180786132812
1184,1.0766640343717881e-06,1076.6640625,322.99920654296875,1.1508883845934292e-09,5.11271203151864e-09,5.240645695181456e-09,1.3493835926055908,77.31398010253906,2.746436668097962e-17,-165.6123046875
1185,1.0527602398724412e-06,1052.76025390625,315.82806396484375,-9.6083468292818e-08,-6.996736967579409e-09,9.633788522478426e-08,-3.068901538848877,-175.83509826660156,9.280988283943362e-15,-140.32406616210938
1186,1.0527601261856034e-06,1052.7601318359375,315.8280334472656,-9.608619677692332e-08,-6.997130430619336e-09,9.634063502517165e-08,-3.068899631500244,-175.83499145507812,9.281517679535396e-15,-140.3238067626953
1187,1.13702208182076e-06,1137.0220947265625,341.10662841796875,2.569835366728057e-08,5.854789431047891e-10,2.570502211085568e-08,0.022778799757361412,1.305129051208496,6.607481675382143e-16,-151.7996368408203
1188,1.0989616612278041e-06,1098.961669921875,329.6885070800781,-1.6114745093886995e-09,-4.592014324344973e-09,4.866563596550577e-09,-1.908299207687378,-109.33748626708984,2.3683441560646713e-17,-166.25555419921875
1189,1.6218768905673642e-06,1621.8768310546875,486.5630798339844,-3.048055319254672e-08,-6.144972530819359e-08,6.859397672087653e-08,-2.0312581062316895,-116.38250732421875,4.7051337672754986e-15,-143.27427673339844
1190,1.6974480558928917e-06,1697.447998046875,509.2344055175781,1.1988626091863352e-08,9.970472225617755e-10,1.2030016094399798e-08,0.08297514170408249,4.754125118255615,1.4472128327590138e-16,-158.39468383789062
1191,1.13702208182076e-06,1137.0220947265625,341.10662841796875,2.5698348338210053e-08,5.854348117395602e-10,2.5705015005428322e-08,0.022777089849114418,1.3050310611724854,6.607477969612998e-16,-151.7996368408203
1192,1.0539783943386283e-06,1053.9783935546875,316.1935119628906,-2.376485008781515e-09,-8.163690168316862e-09,8.50255954532031e-09,-1.8540719747543335,-106.2304916381836,7.229352089432569e-17,-161.4090118408203
1193,4.7089375243558607e-07,470.89373779296875,141.26812744140625,-1.8998588302565622e-06,-1.433933078942573e-07,1.9052624793403083e-06,-3.0662596225738525,-175.68373107910156,3.6300250999543593e-12,-114.4009017944336
1194,4.832955369238334e-07,483.2955322265625,144.98866271972656,1.3627428074869385e-09,-2.0647177301214015e-09,2.4738890935793734e-09,-0.9874135255813599,-56.574623107910156,6.12012737254509e-18,-172.1324005126953
1195,5.213055374042597e-07,521.3055419921875,156.39166259765625,-8.990711286571695e-09,2.4325748082532073e-09,9.313985138703629e-09,2.8773539066314697,164.8602294921875,8.675032189603746e-17,-160.61729431152344
1196,4.800677402272413e-07,480.0677490234375,144.02032470703125,-8.056362048591836e-07,-1.172072288113668e-07,8.141174134834728e-07,-2.997122287750244,-171.72244262695312,6.627871537191743e-13,-121.78626251220703
1197,4.800676833838224e-07,480.06768798828125,144.0203094482422,-8.05638933343289e-07,-1.1720755566102525e-07,8.14120198810997e-07,-2.997122287750244,-171.72244262695312,6.627917073682987e-13,-121.7862319946289
1198,4.832954800804146e-07,483.29547119140625,144.9886474609375,1.3633081330510777e-09,-2.065251969440851e-09,2.4746464877267726e-09,-0.9873417615890503,-56.57051086425781,6.123875327900568e-18,-172.12974548339844
1199,1.053978508025466e-06,1053.978515625,316.19354248046875,-2.0180426218985303e-08,-6.93167407916917e-08,7.219459519092197e-08,-1.854098916053772,-106.23204040527344,5.212059692801148e-15,-142.8299102783203
1200,4.736261871585157e-07,473.6261901855469,142.08786010742188,5.522829749082803e-09,-3.3732066029301677e-09,6.471489566450828e-09,-0.5483046770095825,-31.415542602539062,4.188017757461694e-17,-163.7799072265625
1201,1.0989616612278041e-06,1098.961669921875,329.6885070800781,-1.6114873879757852e-09,-4.591987234903172e-09,4.866542724357714e-09,-1.9083034992218018,-109.33773040771484,2.3683238074216025e-17,-166.25558471679688
1202,1.0989616612278041e-06,1098.961669921875,329.6885070800781,-1.6115205836442215e-09,-4.592005886649986e-09,4.8665711460671446e-09,-1.9083086252212524,-109.33802795410156,2.3683514352540618e-17,-166.25552368164062
1203,1.053978508025466e-06,1053.978515625,316.19354248046875,-2.3765802659170276e-09,-8.163624443113804e-09,8.502522241826682e-09,-1.854084849357605,-106.23123168945312,7.229288561961525e-17,-161.4090576171875
1204,5.21643528372806e-07,521.6435546875,156.49305725097656,-6.270971297794858e-09,6.492497206522785e-09,9.026494218744574e-09,2.3388400077819824,134.0056610107422,8.147759473893865e-17,-160.88961791992188
1205,5.214710654399823e-07,521.4710693359375,156.44131469726562,-7.588588646356698e-10,1.4752952193219926e-09,1.6590246953995802e-09,2.04587984085083,117.22027587890625,2.7523628381604757e-18,-175.6029510498047
1206,1.0989616612278041e-06,1098.961669921875,329.6885070800781,-1.611459521377867e-09,-4.5920125479881335e-09,4.866557379301639e-09,-1.9082963466644287,-109.33731842041016,2.3683380349281384e-17,-166.2555694580078
1207,5.213054805608408e-07,521.3054809570312,156.3916473388672,-5.415858872481749e-09,1.4658555480551172e-09,5.610726994120796e-09,2.8772659301757812,164.8551788330078,3.148025741739189e-17,-165.01962280273438
1208,1.053978508025466e-06,1053.978515625,316.19354248046875,-5.964259486290757e-08,-2.0487917140599166e-07,2.133839416273986e-07,-1.8540782928466797,-106.2308578491211,4.5532706701182854e-14,-133.41676330566406
1209,1.7509842109575402e-06,1750.9842529296875,525.2952880859375,5.931517943480458e-09,8.170639720361805e-10,5.987528695072797e-09,0.1368880718946457,7.843108177185059,3.58505007476933e-17,-164.45504760742188
1210,1.0539783943386283e-06,1053.9783935546875,316.1935119628906,-2.018014377824784e-08,-6.931681895139263e-08,7.219459519092197e-08,-1.8540948629379272,-106.23180389404297,5.212059692801148e-15,-142.8299102783203
1211,4.7089375243558607e-07,470.89373779296875,141.26812744140625,-1.8998546238435665e-06,-1.4339299525545357e-07,1.9052582729273126e-06,-3.0662596225738525,-175.68373107910156,3.6300090537622065e-12,-114.40092468261719
1212,1.0149132094738889e-06,1014.9132080078125,304.4739685058594,2.5966656380660424e-08,2.0964218805374912e-08,3.3373126484548266e-08,0.6792075037956238,38.91572189331055,1.1137655281688108e-15,-149.5320587158203
1213,1.0149130957870511e-06,1014.9130859375,304.47393798828125,2.5966485850403842e-08,2.096576601218203e-08,3.337396492497646e-08,0.6792467832565308,38.917972564697266,1.113821538222448e-15,-149.53184509277344
1214,1.053978508025466e-06,1053.978515625,316.19354248046875,-2.376653318592048e-09,-8.163711484598934e-09,8.502627046880207e-09,-1.8540903329849243,-106.2315444946289,7.229466571229346e-17,-161.408935546875
1215,9.72636257756676e-07,972.63623046875,291.7908630371094,-3.600594666863799e-08,-1.2723454290153313e-07,1.3223107941939816e-07,-1.846574306488037,-105.80091094970703,1.7485058878747607e-14,-137.57333374023438
1216,4.308268160002626e-07,430.8268127441406,129.248046875,-2.818878463983765e-08,2.633708007238056e-08,3.8577837813136284e-08,2.390141487121582,136.94500732421875,1.4882495938200145e-15,-148.2732391357422
1217,1.6218768905673642e-06,1621.8768310546875,486.5630798339844,-3.0480986623615536e-08,-6.144973241362095e-08,6.859417567284254e-08,-2.031263828277588,-116.3828353881836,4.705160872329811e-15,-143.27426147460938
1218,9.72636257756676e-07,972.63623046875,291.7908630371094,-4.736492087431543e-08,4.361077898806798e-08,6.438428101773752e-08,2.3974363803863525,137.36297607421875,4.145335621665762e-15,-143.82440185546875
1219,9.915836471918738e-07,991.5836181640625,297.47509765625,-4.0158354863706336e-08,-1.6017482096231106e-07,1.6513227762970928e-07,-1.8164485692977905,-104.0748291015625,2.7268668890295146e-14,-135.6433563232422
1220,1.7116266235461808e-06,1711.6265869140625,513.4879760742188,-9.392573474542587e-08,-3.622728561580857e-09,9.399556688549637e-08,-3.103041648864746,-177.7911834716797,8.835166891716165e-15,-140.53785705566406
1221,9.91583533505036e-07,991.5835571289062,297.4750671386719,-4.015306842575228e-08,-1.6017636994547502e-07,1.6513249079253e-07,-1.8164151906967163,-104.07292175292969,2.7268740041062715e-14,-135.64334106445312
1222,9.739192137203645e-07,973.919189453125,292.1757507324219,-5.084302756586112e-09,-2.357123030094499e-08,2.411333710483632e-08,-1.7832409143447876,-102.17217254638672,5.814530193623253e-16,-152.3548583984375
1223,1.055244524650334e-06,1055.2445068359375,316.5733642578125,-6.117140127770426e-10,4.2941369904347937e-10,7.473888730125111e-10,2.529536247253418,144.93174743652344,5.585901045733843e-19,-182.52906799316406
1224,1.0350652246415848e-06,1035.065185546875,310.5195617675781,-8.667835516007472e-08,-2.7042332817472925e-07,2.839751971350779e-07,-1.8809784650802612,-107.77212524414062,8.06419140448808e-14,-130.93438720703125
1225,5.207131152928923e-07,520.713134765625,156.21392822265625,3.0211314339112505e-08,-3.072215903898723e-08,4.308798651209145e-08,-0.793781578540802,-45.48033142089844,1.8565746711534954e-15,-147.31288146972656
1226,1.7622589894017437e-06,1762.259033203125,528.6776733398438,-4.92131979612509e-09,-5.283987691839798e-10,4.94960517016807e-09,-3.034633159637451,-173.8716583251953,2.449859165837077e-17,-166.10858154296875
1227,2.288574250997044e-06,2288.57421875,686.572265625,-4.880055470835032e-08,-4.829985744692067e-09,4.9038995086903014e-08,-3.0429399013519287,-174.3476104736328,2.4048230990109457e-15,-146.1891632080078
1228,1.1168381206516642e-06,1116.838134765625,335.0514221191406,9.901727215932965e-10,3.3643927643822735e-09,3.5070759629718395e-09,1.2845683097839355,73.600341796875,1.2299581792983708e-17,-169.10110473632812
1229,1.687057533672487e-06,1687.0574951171875,506.11724853515625,5.752952558779612e-10,1.2053996689687096e-09,1.335646926392542e-09,1.1255013942718506,64.4864730834961,1.7839527165425943e-18,-177.48617553710938
1230,1.3674347201231285e-06,1367.4346923828125,410.23040771484375,-3.4900311529639794e-09,2.6795383689659502e-09,4.400027453499433e-09,2.486815929412842,142.4840545654297,1.9360241646142418e-17,-167.13088989257812
1231,1.687057533672487e-06,1687.0574951171875,506.11724853515625,5.752961995675321e-10,1.2053976705672653e-09,1.3356455941249123e-09,1.125500202178955,64.48640441894531,1.783949201024991e-18,-177.48617553710938
1232,5.207131152928923e-07,520.713134765625,156.21392822265625,1.8569028981119118e-08,-1.8875701002230016e-08,2.6478311099253915e-08,-0.7935879826545715,-45.46923828125,7.011009759640867e-16,-151.5421905517578
1233,9.91583533505036e-07,991.5835571289062,297.4750671386719,-1.2741638499846886e-07,-5.082365532871336e-07,5.239650135990814e-07,-1.8164364099502563,-104.07413482666016,2.745393430821086e-13,-125.61395263671875
1234,4.844085879085469e-07,484.4085998535156,145.32257080078125,-1.192677484551652e-10,-1.5325016256007018e-10,1.9419167662793058e-10,-2.2321369647979736,-127.89202117919922,3.771040803151387e-20,-194.23538208007812
1235,1.116838234338502e-06,1116.8382568359375,335.0514831542969,9.903294850843736e-10,3.364391876203854e-09,3.507119039625195e-09,1.2845253944396973,73.5978775024414,1.229988371390729e-17,-169.10098266601562
1236,1.4598108464269899e-06,1459.810791015625,437.9432678222656,-1.3267203335942668e-08,-6.366574489824472e-10,1.3282470234798893e-08,-3.093642234802246,-177.2526397705078,1.7642401919084553e-16,-157.534423828125
1237,9.7391944109404e-07,973.91943359375,292.17584228515625,-9.120524779859807e-09,7.396292911465707e-09,1.1742619321353231e-08,2.4602103233337402,140.95965576171875,1.378891022884584e-16,-158.60470581054688
1238,9.915836471918738e-07,991.5836181640625,297.47509765625,-4.015075916186106e-08,-1.601726182798302e-07,1.6512829859038902e-07,-1.8164070844650269,-104.07245635986328,2.7267354295161007e-14,-135.64356994628906
1239,1.1168381206516642e-06,1116.838134765625,335.0514221191406,9.902012543250294e-10,3.3644202979132842e-09,3.507110157840998e-09,1.2845628261566162,73.60002136230469,1.2299821675361349e-17,-169.10101318359375
1240,1.0350652246415848e-06,1035.065185546875,310.5195617675781,-3.683934934883837e-09,-1.1492118368039428e-08,1.2068147370314364e-08,-1.8810088634490967,-107.77386474609375,1.4564018167477429e-16,-158.3671875
1241,1.0754714594440884e-06,1075.471435546875,322.6414489746094,4.4439565272114123e-07,6.756931014706424e-09,4.4444698232837254e-07,0.015203592367470264,0.8711016178131104,1.975331248398049e-13,-127.0436019897461
1242,1.687057533672487e-06,1687.0574951171875,506.11724853515625,1.1936487354091696e-08,2.501005980093396e-08,2.7712504291343976e-08,1.1254996061325073,64.48637390136719,7.679829092375231e-16,-151.146484375
1243,1.634042632758792e-06,1634.0426025390625,490.2127990722656,1.2707672247813662e-08,2.6189413304678055e-08,2.9109626709100667e-08,1.119041085243225,64.11632537841797,8.473703840046628e-16,-150.71926879882812
1244,1.7116263961725053e-06,1711.6263427734375,513.4879150390625,-9.087078645109159e-09,-3.504803114395827e-10,9.093835018347818e-09,-3.1030426025390625,-177.79122924804688,8.269783834368707e-17,-160.82505798339844
1245,5.226713710726472e-07,522.67138671875,156.80140686035156,-8.467459511329878e-10,7.91969101410217e-10,1.15939369216278e-09,2.389608860015869,136.91448974609375,1.3441937244073528e-18,-178.7153778076172
1246,9.91583533505036e-07,991.5835571289062,297.4750671386719,-1.2742366095608304e-07,-5.082360416963638e-07,5.239662641542964e-07,-1.8164501190185547,-104.07492065429688,2.7454064412471557e-13,-125.61393737792969
1247,1.687057533672487e-06,1687.0574951171875,506.11724853515625,5.752848197815297e-10,1.2054042208831106e-09,1.3356465933256345e-09,1.1255099773406982,64.48696899414062,1.7839518893619817e-18,-177.48617553710938
1248,1.0552444109634962e-06,1055.244384765625,316.5733337402344,-3.3030644885911897e-10,-1.5282906051794498e-09,1.5635773786826235e-09,-1.7836503982543945,-102.19563293457031,2.4447742798165604e-18,-176.11761474609375
1249,4.2885187667707214e-07,428.85186767578125,128.6555633544922,6.341208518279018e-07,-6.478791760855529e-07,9.065631161320198e-07,-0.7961296439170837,-45.614864349365234,8.218566886070144e-13,-120.85204315185547
1250,5.207131152928923e-07,520.713134765625,156.21392822265625,1.8572256621496308e-08,-1.887553757740079e-08,2.648045693831591e-08,-0.7934967279434204,-45.464012145996094,7.012145842581372e-16,-151.54148864746094
1251,1.6857399032232934e-06,1685.7398681640625,505.72198486328125,-3.0284729746199446e-07,-3.525854808117401e-08,3.0489283631141006e-07,-3.025691032409668,-173.35931396484375,9.295964334670587e-14,-130.3170623779297
1252,5.216434146859683e-07,521.6434326171875,156.49302673339844,-3.8764818022229974e-09,4.0105043730420675e-09,5.577746264862071e-09,2.339203357696533,134.02647399902344,3.1111252146131984e-17,-165.07081604003906
1253,1.0350167940487154e-06,1035.016845703125,310.5050354003906,9.50382244013781e-08,2.6894093707596767e-07,2.852393379271234e-07,1.2311139106750488,70.53762817382812,8.13614786979687e-14,-130.89581298828125
1254,5.21643528372806e-07,521.6435546875,156.49305725097656,-3.8760905596291195e-09,4.010878296156761e-09,5.577743600326812e-09,2.339106321334839,134.0209197998047,3.111122236762993e-17,-165.07083129882812
1255,4.29780186550488e-07,429.7801818847656,128.93405151367188,-1.3012785871069354e-07,1.3662931053204375e-07,1.88681809731861e-07,2.331827163696289,133.60385131835938,3.5600825266284344e-14,-134.4853973388672
1256,1.1155647143823444e-06,1115.564697265625,334.6694030761719,-3.959412353538028e-08,-2.9912352594863023e-09,3.970695061639162e-08,-3.066188335418701,-175.6796417236328,1.5766419287889738e-15,-148.02267456054688
1257,9.726361440698383e-07,972.6361694335938,291.79083251953125,-3.60103022956082e-08,-1.272331076052069e-07,1.3223088046743214e-07,-1.8466089963912964,-105.80289459228516,1.7485006362704877e-14,-137.57333374023438
1258,5.214710654399823e-07,521.4710693359375,156.44131469726562,-7.588827899418504e-10,1.4752961075004123e-09,1.6590364637636412e-09,2.0458922386169434,117.22098541259766,2.7524019224444188e-18,-175.60287475585938
1259,9.72636257756676e-07,972.63623046875,291.7908630371094,-3.600920095436777e-08,-1.2723336340059177e-07,1.3223082362401328e-07,-1.8466004133224487,-105.80240631103516,1.7484991116111827e-14,-137.57334899902344
1260,9.907258800012642e-07,990.7258911132812,297.2177734375,-3.145754590150318e-08,-4.0645549148621285e-08,5.139686365396301e-08,-2.2294487953186035,-127.73799896240234,2.641637629195487e-15,-145.78126525878906
1261,9.726361440698383e-07,972.6361694335938,291.79083251953125,-3.6007680392913244e-08,-1.2723295128580503e-07,1.3223001360529452e-07,-1.846590280532837,-105.80182647705078,1.7484775969743224e-14,-137.57339477539062
1262,4.267670590252237e-07,426.7670593261719,128.03012084960938,5.882323603145778e-05,5.908715138502885e-06,5.911925109103322e-05,0.10011284798383713,5.736043453216553,3.4950857763504928e-09,-84.56542205810547
1263,5.216434715293872e-07,521.6434936523438,156.4930419921875,3.505385981483755e-10,1.9480332902332975e-09,1.979320707334864e-09,1.3927568197250366,79.79907989501953,3.9177106015568196e-18,-174.06967163085938
1264,1.685740016910131e-06,1685.739990234375,505.7220153808594,-3.028469564014813e-07,-3.5258509001323546e-08,3.048924952508969e-07,-3.025691032409668,-173.35931396484375,9.295943328253495e-14,-130.3170623779297
1265,5.216434715293872e-07,521.6434936523438,156.4930419921875,-3.876412080217051e-09,4.010540788357275e-09,5.577724504490789e-09,2.3391897678375244,134.02569580078125,3.111101060939312e-17,-165.07086181640625
1266,4.267670590252237e-07,426.7670593261719,128.03012084960938,5.8823243307415396e-05,5.908704679313814e-06,5.9119258366990834e-05,0.1001126617193222,5.736032485961914,3.4950866645289125e-09,-84.56542205810547
1267,1.0539783943386283e-06,1053.9783935546875,316.1935119628906,-2.376632446399185e-09,-8.163640430325358e-09,8.502553328071372e-09,-1.8540903329849243,-106.2315444946289,7.229341501520728e-17,-161.4090118408203
1268,1.053978508025466e-06,1053.978515625,316.19354248046875,-2.3766786316770094e-09,-8.163603126831731e-09,8.50252934725404e-09,-1.85409677028656,-106.2319107055664,7.229300473362345e-17,-161.40902709960938
1269,1.0539783943386283e-06,1053.9783935546875,316.1935119628906,-2.376937091597142e-09,-8.163615561329607e-09,8.502613724203911e-09,-1.8541254997253418,-106.23355865478516,7.229444071916685e-17,-161.40896606445312
1270,1.053978508025466e-06,1053.978515625,316.19354248046875,-2.376733698739031e-09,-8.16375411716308e-09,8.502690995726425e-09,-1.8540979623794556,-106.23197937011719,7.229575097325713e-17,-161.4088592529297
1271,5.216434715293872e-07,521.6434936523438,156.4930419921875,-3.875973764166929e-09,4.011126986114277e-09,5.577841299952979e-09,2.3390603065490723,134.01828002929688,3.11123142460385e-17,-165.0706787109375
1272,4.29780186550488e-07,429.7801818847656,128.93405151367188,-1.301263097275296e-07,1.366317832207642e-07,1.8868253448545147e-07,2.3318121433258057,133.6029815673828,3.5601099704959255e-14,-134.48536682128906
1273,1.0156144298889558e-06,1015.6144409179688,304.684326171875,-1.720263753668405e-08,-8.2736747231138e-08,8.450621891142873e-08,-1.7757956981658936,-101.74559020996094,7.141300896983116e-15,-141.4622344970703
1274,1.0989616612278041e-06,1098.961669921875,329.6885070800781,-1.6113945733309265e-09,-4.59202409430759e-09,4.866546721160603e-09,-1.908282995223999,-109.33655548095703,2.3683277778885428e-17,-166.25558471679688
1275,1.1155646006955067e-06,1115.5645751953125,334.66937255859375,-3.959411642995292e-08,-2.991229708371179e-09,3.9706943510964265e-08,-3.0661885738372803,-175.67965698242188,1.5766413993933818e-15,-148.02267456054688
1276,9.701219596536248e-07,970.1219482421875,291.0365905761719,-8.089908078545704e-06,-7.749787300781463e-07,8.1269436122966e-06,-3.046088218688965,-174.52798461914062,6.604720936831399e-11,-101.80145263671875
1277,9.701219596536248e-07,970.1219482421875,291.0365905761719,-8.089898983598687e-06,-7.749778774268634e-07,8.126934517349582e-06,-3.046088218688965,-174.52798461914062,6.6047063651542e-11,-101.80146026611328
1278,1.0539783943386283e-06,1053.9783935546875,316.1935119628906,-2.3768145229752236e-09,-8.16363510125484e-09,8.502598625170776e-09,-1.8541110754013062,-106.23273468017578,7.229418263881573e-17,-161.40896606445312
1279,1.632736598367046e-06,1632.736572265625,489.82098388671875,-6.432774171116762e-07,-3.741441290117109e-08,6.443645474973891e-07,-3.083495855331421,-176.67129516601562,4.152056573992341e-13,-123.81736755371094
1280,1.632736257306533e-06,1632.7362060546875,489.8208923339844,-6.432779287024459e-07,-3.741351761732403e-08,6.4436500224474e-07,-3.0834972858428955,-176.67137145996094,4.1520625371042896e-13,-123.8173599243164
1281,5.213055374042597e-07,521.3055419921875,156.39166259765625,-5.4161093387961046e-09,1.4661132308191327e-09,5.6110365243000615e-09,2.8772332668304443,164.8533172607422,3.148373157596461e-17,-165.01913452148438
1282,4.736261871585157e-07,473.6261901855469,142.08786010742188,5.522863499862751e-09,-3.373122892114111e-09,6.471474467417693e-09,-0.5482909083366394,-31.414752960205078,4.187998235999238e-17,-163.77992248535156
1283,3.773846799504099e-07,377.3846740722656,113.21540069580078,0.00015133441775105894,0.0,0.00015133441775105894,0.0,0.0,2.2902106877609185e-08,-76.4012451171875
1284,4.2664976263040444e-07,426.6497497558594,127.99492645263672,-2.932536744992831e-06,-8.838179610393126e-08,2.9338682452362264e-06,-3.1114635467529297,-178.27371215820312,8.607582528685764e-12,-110.65118408203125
1285,4.26649734208695e-07,426.64971923828125,127.99491882324219,-2.9325622108444804e-06,-8.838260612265003e-08,2.933893711087876e-06,-3.1114633083343506,-178.27371215820312,8.607732582266436e-12,-110.65110778808594
1286,4.2769158881128533e-07,427.69158935546875,128.30747985839844,-1.3143078092525684e-07,1.7350927805637184e-07,2.1766837221548485e-07,2.21907114982605,127.14340209960938,4.737951974113572e-14,-133.2440948486328
1287,4.276915603895759e-07,427.6915588378906,128.30746459960938,-1.3143500154910726e-07,1.7350697589790798e-07,2.176690827582206e-07,2.219092845916748,127.14464569091797,4.737982806112852e-14,-133.2440643310547
1288,4.7173176653814153e-07,471.7317810058594,141.51953125,4.984035939514797e-08,-3.1522393584282327e-08,5.897221910799999e-08,-0.5639510154724121,-32.31201171875,3.4777226756065255e-15,-144.58705139160156
1289,4.2873512029473204e-07,428.735107421875,128.6205291748047,-2.8752992875524797e-08,3.385859059790164e-08,4.442002676796619e-08,2.2748305797576904,130.3381805419922,1.9731386866734223e-15,-147.04843139648438
1290,4.287350634513132e-07,428.7350769042969,128.62051391601562,-2.87533357123948e-08,3.385903113439781e-08,4.4420584544013764e-08,2.2748301029205322,130.33815002441406,1.9731882381008366e-15,-147.04830932617188
1291,4.29780186550488e-07,429.7801818847656,128.93405151367188,-6.238264127489401e-09,6.548946274165246e-09,9.044591742224384e-09,2.3319029808044434,133.60818481445312,8.180464210080741e-17,-160.87220764160156
1292,4.2978024339390686e-07,429.7802429199219,128.93406677246094,-6.2379643672727525e-09,6.549079056838991e-09,9.044481608100341e-09,2.331868886947632,133.60623168945312,8.180265024989238e-17,-160.87232971191406
1293,4.7267806735362683e-07,472.6780700683594,141.8034210205078,1.1216332751473601e-08,-6.9859509288505706e-09,1.3213993454996853e-08,-0.55704265832901,-31.91619110107422,1.7460962167826762e-16,-157.57931518554688
1294,4.3082684442197205e-07,430.82684326171875,129.248046875,-1.3427666756271606e-09,1.2544369987210757e-09,1.8375621024802058e-09,2.390191078186035,136.94786071777344,3.3766343920930205e-18,-174.71514892578125
1295,4.3082684442197205e-07,430.82684326171875,129.248046875,-1.342799427206387e-09,1.254375159298604e-09,1.837543894822602e-09,2.390227794647217,136.949951171875,3.376567597258557e-18,-174.7152557373047
1296,4.26649734208695e-07,426.64971923828125,127.99491882324219,-6.0007645515725017e-05,-1.8083957229464431e-06,6.003488670103252e-05,-3.1114656925201416,-178.2738494873047,3.604187615025012e-09,-84.43192291259766
1297,4.26649734208695e-07,426.64971923828125,127.99491882324219,-6.0007634601788595e-05,-1.8083952681990922e-06,6.00348757870961e-05,-3.1114656925201416,-178.2738494873047,3.6041862827573823e-09,-84.43192291259766
1298,4.707874268206069e-07,470.78741455078125,141.23622131347656,1.9303502085676882e-06,2.2876507799196588e-08,1.9304857232782524e-06,0.011850407347083092,0.6789782643318176,3.726774965018276e-12,-114.28666687011719
1299,4.707874268206069e-07,470.78741455078125,141.23622131347656,1.930360895130434e-06,2.287605838091622e-08,1.9304964098409982e-06,0.011850109323859215,0.6789612174034119,3.726816598381699e-12,-114.28662109375
1300,4.799633757102129e-07,479.96337890625,143.989013671875,8.221380198847328e-07,6.766514104583621e-08,8.249178904407017e-07,0.08211877942085266,4.705059051513672,6.8048951890054e-13,-121.67178344726562
1301,4.799633757102129e-07,479.96337890625,143.989013671875,8.221348366532766e-07,6.766488525045133e-08,8.249147072092455e-07,0.08211879432201385,4.705060005187988,6.804842605200034e-13,-121.67182159423828
1302,9.70070459516137e-07,970.0704345703125,291.0211486816406,8.14914073998807e-06,5.252256300991576e-07,8.16604915598873e-06,0.06436263769865036,3.6877071857452393,6.668435942325246e-11,-101.75975799560547
1303,9.70070459516137e-07,970.0704345703125,291.0211486816406,8.149129826051649e-06,5.252249479781312e-07,8.16603824205231e-06,0.06436263769865036,3.6877071857452393,6.668417901201096e-11,-101.759765625
1304,4.276915603895759e-07,427.6915588378906,128.30746459960938,-2.7068310828326503e-06,3.5735506571654696e-06,4.48298987976159e-06,2.2190566062927246,127.14257049560547,2.00971982111664e-11,-106.96864318847656
1305,5.19591822012444e-07,519.591796875,155.87754821777344,-3.6292371419222036e-07,-1.2452992415035169e-08,3.6313730333858985e-07,-3.107293128967285,-178.03477478027344,1.318687048662906e-13,-128.798583984375
1306,4.2769158881128533e-07,427.69158935546875,128.30747985839844,-2.7068310828326503e-06,3.5735479286813643e-06,4.482988060772186e-06,2.2190568447113037,127.14258575439453,2.0097182598655117e-11,-106.9686508178711
1307,5.19591822012444e-07,519.591796875,155.87754821777344,-3.62922833119228e-07,-1.2453294395697867e-08,3.631364222655975e-07,-3.1072921752929688,-178.0347137451172,1.3186806789751426e-13,-128.79859924316406
1308,5.195917651690252e-07,519.5917358398438,155.87753295898438,-5.941791982877476e-07,-2.0380760190619185e-08,5.945286716269038e-07,-3.1073052883148193,-178.03546142578125,3.534643281191685e-13,-124.51654052734375
1309,9.902764759317506e-07,990.2764892578125,297.08294677734375,-6.0282386584731285e-06,-6.002616714795295e-08,6.028537427482661e-06,-3.1316354274749756,-179.4294891357422,3.6343265202853914e-11,-104.39575958251953
1310,9.902763622449129e-07,990.2763671875,297.0829162597656,-1.8969478787767002e-06,-1.8888385966420174e-08,1.897041897791496e-06,-3.1316356658935547,-179.42950439453125,3.598767985002471e-12,-114.43846130371094
1311,5.19591822012444e-07,519.591796875,155.87754821777344,-5.941777203588572e-07,-2.0380822363108564e-08,5.945271936980134e-07,-3.1073052883148193,-178.03546142578125,3.5346259339569253e-13,-124.51656341552734
1312,1.0337278126826277e-06,1033.727783203125,310.11834716796875,-1.353177339069589e-07,-1.251261227963596e-08,1.3589502145805454e-07,-3.049386501312256,-174.7169647216797,1.8467456161302617e-14,-137.3359375
1313,9.902764759317506e-07,990.2764892578125,297.08294677734375,-1.8969415123137878e-06,-1.888830780671924e-08,1.8970355313285836e-06,-3.1316356658935547,-179.42950439453125,3.5987436988738075e-12,-114.43848419189453
1314,1.0337278126826277e-06,1033.727783203125,310.11834716796875,-1.3531769127439475e-07,-1.2512379576889998e-08,1.3589495040378097e-07,-3.0493881702423096,-174.71705627441406,1.8467437526577778e-14,-137.3359375
1315,9.915331702359254e-07,991.5331420898438,297.4599609375,4.5269647586110295e-08,1.5960074506438104e-07,1.65896778980823e-07,1.294412612915039,74.16437530517578,2.7521742006143997e-14,-135.60324096679688
1316,9.915330565490876e-07,991.5330810546875,297.4599304199219,1.43643262617843e-07,5.064226797912852e-07,5.26400356193335e-07,1.294412612915039,74.16437530517578,2.7709732837270795e-13,-125.57366943359375
1317,4.82183679650916e-07,482.1836853027344,144.6551055908203,6.116933626287846e-09,-1.1074411609968138e-08,1.265146121198768e-08,-1.0661518573760986,-61.08599853515625,1.6005947499879046e-16,-157.95718383789062
1318,1.6857399032232934e-06,1685.7398681640625,505.72198486328125,-1.459373955015053e-08,-1.69904701419199e-09,1.469231136752569e-08,-3.025691509246826,-173.35934448242188,2.158640172671535e-16,-156.658203125
1319,1.0350167940487154e-06,1035.016845703125,310.5050354003906,9.503385456355318e-08,2.68942017100926e-07,2.8523891160148196e-07,1.2311296463012695,70.53852844238281,8.136123475247989e-14,-130.8958282470703
1320,4.726742872662726e-07,472.6742858886719,141.8022918701172,3.8661860379818336e-09,-8.147593710816636e-09,9.018351398992763e-09,-1.127740740776062,-64.61478424072266,8.133066099236963e-17,-160.8974609375
1321,1.0754248478406225e-06,1075.4248046875,322.62744140625,-6.065252478038019e-08,7.822324454842544e-10,6.065756252837673e-08,3.1286964416503906,179.26109313964844,3.679340022217335e-15,-144.34230041503906
1322,1.1155646006955067e-06,1115.5645751953125,334.66937255859375,-3.9593750500444e-08,-2.991188408074663e-09,3.970657758145535e-08,-3.0661888122558594,-175.67967224121094,1.57661228263582e-15,-148.0227508544922
1323,9.915330565490876e-07,991.5330810546875,297.4599304199219,1.4365922140768816e-07,5.064181891611952e-07,5.264004130367539e-07,1.2943811416625977,74.1625747680664,2.770973825828166e-13,-125.57366943359375
1324,1.0350167940487154e-06,1035.016845703125,310.5050354003906,4.038178236243084e-09,1.1428123336543194e-08,1.2120596970532915e-08,1.2311363220214844,70.53890991210938,1.4690886497619382e-16,-158.3295135498047
1325,1.1155646006955067e-06,1115.5645751953125,334.66937255859375,-3.9593750500444e-08,-2.9911901844315025e-09,3.970657758145535e-08,-3.0661888122558594,-175.67967224121094,1.57661228263582e-15,-148.0227508544922
1326,1.6857399032232934e-06,1685.7398681640625,505.72198486328125,-1.459374310286421e-08,-1.6990471252142925e-09,1.4692314920239369e-08,-3.025691509246826,-173.35934448242188,2.158641231462719e-16,-156.65818786621094
1327,9.72636257756676e-07,972.63623046875,291.7908630371094,-4.7363776900510857e-08,4.361242744721494e-08,6.438455812940447e-08,2.3974056243896484,137.36122131347656,4.145371197049547e-15,-143.82437133789062
1328,1.0754249615274603e-06,1075.4249267578125,322.62750244140625,-6.065240398811511e-08,7.822582026584257e-10,6.065744173611165e-08,3.1286959648132324,179.2610626220703,3.679325199140758e-15,-144.34231567382812
1329,1.6327363709933707e-06,1632.736328125,489.8209228515625,-3.2186565590563987e-07,-1.872096611066354e-08,3.224096474241378e-07,-3.083494186401367,-176.6711883544922,1.0394797815473783e-13,-129.8318328857422
1330,1.3664591733686393e-06,1366.459228515625,409.937744140625,-9.901729072225862e-07,-3.661235226104509e-08,9.908495712807053e-07,-3.1046338081359863,-177.8824005126953,9.81782905841444e-13,-120.07984161376953
1331,4.82183679650916e-07,482.1836853027344,144.6551055908203,-3.6691862881355064e-09,-3.4953302474605152e-09,5.067569475158962e-09,-2.38045597076416,-136.39007568359375,2.5680260522433397e-17,-165.9040069580078
1332,1.0350167940487154e-06,1035.016845703125,310.5050354003906,9.502701203700781e-08,2.6894446136793704e-07,2.852389400231914e-07,1.2311551570892334,70.53999328613281,8.136125508127062e-14,-130.8958282470703
1333,1.0350167940487154e-06,1035.016845703125,310.5050354003906,9.503089870577242e-08,2.6894258553511463e-07,2.8523845685413107e-07,1.23114013671875,70.53913116455078,8.136097725446392e-14,-130.8958282470703
1334,1.3664591733686393e-06,1366.459228515625,409.937744140625,-9.901723387883976e-07,-3.661245884245545e-08,9.908490028465167e-07,-3.1046335697174072,-177.88238525390625,9.817817132190543e-13,-120.07984924316406
1335,1.0350167940487154e-06,1035.016845703125,310.5050354003906,4.038204437506465e-09,1.1428085144871147e-08,1.2120570325180324e-08,1.231133222579956,70.53873443603516,1.4690822970148338e-16,-158.32952880859375
1336,1.3664591733686393e-06,1366.459228515625,409.937744140625,-6.241977956733535e-08,-2.3082011857411544e-09,6.246244765861775e-08,-3.104630708694458,-177.88223266601562,3.9015574218636065e-15,-144.08761596679688
1337,1.0350167940487154e-06,1035.016845703125,310.5050354003906,9.503297349056083e-08,2.6894221605289204e-07,2.8523879791464424e-07,1.2311327457427979,70.53870391845703,8.136117376610769e-14,-130.8958282470703
1338,1.0754248478406225e-06,1075.4248046875,322.62744140625,-4.463029199541779e-07,5.756350951457989e-09,4.463400102849846e-07,3.128695487976074,179.2610321044922,1.9921939803119876e-13,-127.00668334960938
1339,1.3664590596818016e-06,1366.4591064453125,409.9377136230469,-6.241941719054012e-08,-2.3082624700521137e-09,6.246208528182251e-08,-3.1046295166015625,-177.8821563720703,3.901512105600928e-15,-144.08766174316406
1340,4.717318233815604e-07,471.7318115234375,141.51954650878906,4.984107349059741e-08,-3.1523676113920374e-08,5.8973508743065395e-08,-0.5639628767967224,-32.31269073486328,3.4778747180205577e-15,-144.58685302734375
1341,4.267670590252237e-07,426.7670593261719,128.03012084960938,2.8746903808496427e-06,2.8877602176180517e-07,2.889158395191771e-06,0.10011877864599228,5.736382961273193,8.347236096772903e-12,-110.7845687866211
1342,4.2676708744693315e-07,426.76708984375,128.03012084960938,2.874678784792195e-06,2.887748280500091e-07,2.8891467991343234e-06,0.10011877119541168,5.736382961273193,8.347169309919078e-12,-110.78460693359375
1343,4.7267806735362683e-07,472.6780700683594,141.8034210205078,1.1216222617349558e-08,-6.985727551978016e-09,1.3213782068532964e-08,-0.5570327043533325,-31.915620803833008,1.7460403655477166e-16,-157.5794677734375
1344,9.907256526275887e-07,990.7256469726562,297.2176818847656,-3.1457773275178624e-08,-4.064606429210471e-08,5.1397414324583224e-08,-2.2294461727142334,-127.73784637451172,2.6416941686447162e-15,-145.7811737060547
1345,1.6327363709933707e-06,1632.736328125,489.8209228515625,-3.2186619591811905e-07,-1.872099453237297e-08,3.22410187436617e-07,-3.083494186401367,-176.6711883544922,1.0394833052044389e-13,-129.8318328857422
1346,1.0754248478406225e-06,1075.4248046875,322.62744140625,-4.463011293864838e-07,5.756342957852212e-09,4.463382197172905e-07,3.128695487976074,179.2610321044922,1.992178123855215e-13,-127.00672149658203
1347,1.053978508025466e-06,1053.978515625,316.19354248046875,-2.376898899925095e-09,-8.16372569545365e-09,8.50270875929482e-09,-1.854117512702942,-106.23310089111328,7.229605537572255e-17,-161.4088592529297
1348,1.053978508025466e-06,1053.978515625,316.19354248046875,-2.0180658921731265e-08,-6.931730212045295e-08,7.219520625767473e-08,-1.8540998697280884,-106.23209381103516,5.212147784227662e-15,-142.829833984375
1349,2.2799038106313674e-06,2279.90380859375,683.9711303710938,8.851367283568834e-08,1.1142332390079446e-08,8.921223582092352e-08,0.12522393465042114,7.174802780151367,7.958823216355077e-15,-140.99151611328125
1350,1.7509842109575402e-06,1750.9842529296875,525.2952880859375,5.9315183875696675e-09,8.170641940807855e-10,5.987529139162007e-09,0.13688810169696808,7.843110084533691,3.585050405641575e-17,-164.45504760742188
1351,1.8506308379073744e-06,1850.630859375,555.1892700195312,3.546638538409752e-07,2.2140770994383274e-08,3.553542740064586e-07,0.06234657019376755,3.572195053100586,1.262766611111535e-13,-128.9867706298828
1352,1.0337762432754971e-06,1033.7762451171875,310.13287353515625,3.161552058372763e-06,3.858853574456589e-07,3.18501474794175e-06,0.12145492434501648,6.9588541984558105,1.0144318544902386e-11,-109.93777465820312
1353,1.0337761295886594e-06,1033.776123046875,310.1328430175781,3.161556605846272e-06,3.858853574456589e-07,3.185019295415259e-06,0.12145474553108215,6.95884370803833,1.0144348035201478e-11,-109.93775939941406
1354,9.903270665745367e-07,990.3270874023438,297.0981140136719,5.995583705953322e-06,2.427377125968633e-07,6.000495432090247e-06,0.04046398773789406,2.318415641784668,3.600594475350327e-11,-104.4362564086914
1355,1.0363061164753162e-06,1036.30615234375,310.891845703125,6.072949920721271e-10,2.1202108957396604e-09,2.205470694960354e-09,1.291833758354187,74.01661682128906,4.864101175268539e-18,-173.12997436523438
1356,1.6974480558928917e-06,1697.447998046875,509.2344055175781,2.6156700982937764e-07,2.17535784940992e-08,2.6247005280310987e-07,0.08297541737556458,4.754140853881836,6.88905313003807e-14,-131.618408203125
1357,1.053978508025466e-06,1053.978515625,316.19354248046875,-5.964501781363651e-08,-2.0488009511154814e-07,2.1338551903227199e-07,-1.8540879487991333,-106.23140716552734,4.553338093940887e-14,-133.4167022705078
1358,5.216434715293872e-07,521.6434936523438,156.4930419921875,-6.273812136470269e-09,6.491521098439534e-09,9.027766090241585e-09,2.339141368865967,134.02291870117188,8.150056389018802e-17,-160.8883819580078
1359,5.214711222834012e-07,521.4711303710938,156.4413299560547,-7.589465722546151e-10,1.4752090660152817e-09,1.65898816906207e-09,2.045950412750244,117.22431945800781,2.7522416562007366e-18,-175.6031494140625
1360,1.0363061164753162e-06,1036.30615234375,310.891845703125,7.742493868256872e-10,-7.546884783771191e-10,1.0812107875679544e-09,-0.7726050615310669,-44.267005920410156,1.1690167230033229e-18,-179.32177734375
1361,1.0766640343717881e-06,1076.6640625,322.99920654296875,1.1507758079787322e-09,5.112745782298589e-09,5.2406536887872335e-09,1.3494058847427368,77.31525421142578,2.74644510534021e-17,-165.6123046875
1362,1.6974481695797294e-06,1697.4481201171875,509.23443603515625,2.6156683929912106e-07,2.1753569612315005e-08,2.624698822728533e-07,0.08297543972730637,4.7541422843933105,6.88904364326906e-14,-131.618408203125
1363,1.0531354064369225e-06,1053.1353759765625,315.94061279296875,1.2941242522046537e-09,2.0220163321482687e-09,2.400688980941368e-09,1.0014712810516357,57.38007354736328,5.763307712479009e-18,-172.39328002929688
1364,1.6474715494041448e-06,1647.4715576171875,494.241455078125,2.2069824012760364e-07,2.2033808111388e-09,2.207092393291532e-07,0.009983349591493607,0.5720037817955017,4.871256664099738e-14,-133.12359619140625
1365,1.0363060027884785e-06,1036.3060302734375,310.8918151855469,1.8214686647866074e-08,-1.7752816106053615e-08,2.543496258056166e-08,-0.7725574970245361,-44.2642822265625,6.469372953332329e-16,-151.89137268066406
1366,1.053978508025466e-06,1053.978515625,316.19354248046875,-5.964871263586247e-08,-2.04878006115905e-07,2.1338453848329664e-07,-1.85410737991333,-106.2325210571289,4.553296081106703e-14,-133.41673278808594
1367,5.216434146859683e-07,521.6434326171875,156.49302673339844,-6.2711040804686036e-09,6.492386628309532e-09,9.02650665324245e-09,2.3388590812683105,134.00674438476562,8.147781973206526e-17,-160.8896026611328
1368,9.927900919137755e-07,992.7901000976562,297.8370361328125,6.1760530023491356e-09,3.003193782546987e-08,3.0660416427963355e-08,1.3679745197296143,78.37916564941406,9.400610935435825e-16,-150.2684326171875
1369,5.214710654399823e-07,521.4710693359375,156.44131469726562,-7.589375239369645e-10,1.4752056243239053e-09,1.65898095261241e-09,2.0459465980529785,117.2240982055664,2.7522178747581257e-18,-175.60317993164062
1370,4.3082684442197205e-07,430.82684326171875,129.248046875,-2.8188646084004176e-08,2.6336905989410297e-08,3.857761399217452e-08,2.3901424407958984,136.945068359375,1.4882323355237142e-15,-148.27330017089844
1371,5.19688228450832e-07,519.688232421875,155.90646362304688,3.5757318528339965e-07,3.294846706580756e-08,3.590879771309119e-07,0.09188521653413773,5.264634609222412,1.289441779262282e-13,-128.89598083496094
1372,5.19688228450832e-07,519.688232421875,155.90646362304688,3.575736968741694e-07,3.2948427985957096e-08,3.5908848872168164e-07,0.09188497066497803,5.264620780944824,1.289445438444614e-13,-128.89596557617188
1373,5.221653509579482e-07,522.1653442382812,156.6496124267578,-1.323485543380798e-09,4.1590325627893776e-10,1.3872958337657337e-09,2.83711576461792,162.55474853515625,1.924589757493707e-18,-177.1566162109375
1374,5.196881716074131e-07,519.6881713867188,155.9064483642578,5.851888431607222e-07,5.391477841953929e-08,5.876672162230534e-07,0.09187290817499161,5.26392936706543,3.4535276114550095e-13,-124.61737060546875
1375,5.196881716074131e-07,519.6881713867188,155.9064483642578,5.851899800290994e-07,5.391465407456053e-08,5.876683530914306e-07,0.09187252074480057,5.263907432556152,3.4535408929316225e-13,-124.61735534667969
1376,1.053978508025466e-06,1053.978515625,316.19354248046875,-2.3765713841328306e-09,-8.163739906308365e-09,8.502631487772305e-09,-1.854080080986023,-106.23095703125,7.229474512163226e-17,-161.408935546875
1377,1.6974480558928917e-06,1697.447998046875,509.2344055175781,1.3442422641674057e-07,1.117972914244092e-08,1.3488832451002963e-07,0.0829765573143959,4.75420618057251,1.819486063008545e-14,-137.4005126953125
1378,2.2799038106313674e-06,2279.90380859375,683.9711303710938,8.851375810081663e-08,1.1142343936398902e-08,8.921232108605182e-08,0.12522394955158234,7.174803256988525,7.958838462948127e-15,-140.9915008544922
1379,4.2885187667707214e-07,428.85186767578125,128.6555633544922,6.341076641547261e-07,-6.479015723925841e-07,9.065698804988642e-07,-0.7961573600769043,-45.616455078125,8.218689400915635e-13,-120.85197448730469
1380,4.2885187667707214e-07,428.85186767578125,128.6555633544922,3.059379949377217e-08,-3.1254351995357865e-08,4.3735742139006106e-08,-0.7960779666900635,-45.61190414428711,1.912815117752339e-15,-147.18325805664062
1381,5.207131721363112e-07,520.7131958007812,156.21395874023438,3.0211282364689396e-08,-3.072199916687168e-08,4.308785150897165e-08,-0.7937795519828796,-45.48021697998047,1.8565630244504706e-15,-147.31289672851562
1382,1.90796686183603e-06,1907.9669189453125,572.3900756835938,-5.225309074319284e-09,-5.4044546615728e-10,5.253183665843153e-09,-3.0385305881500244,-174.094970703125,2.7595938029212305e-17,-165.591552734375
1383,5.21643528372806e-07,521.6435546875,156.49305725097656,3.50479423261163e-10,1.948010641683595e-09,1.97928806677794e-09,1.3927841186523438,79.80064392089844,3.917581147790955e-18,-174.06982421875
1384,1.3674346064362908e-06,1367.4345703125,410.2303771972656,-3.4895388800748606e-09,2.679723110077248e-09,4.399749453654067e-09,2.4867143630981445,142.4782257080078,1.9357794845890486e-17,-167.13143920898438
1385,1.7622589894017437e-06,1762.259033203125,528.6776733398438,-4.92131979612509e-09,-5.283987691839798e-10,4.94960517016807e-09,-3.034633159637451,-173.8716583251953,2.449859165837077e-17,-166.10858154296875
1386,1.0766640343717881e-06,1076.6640625,322.99920654296875,1.1509547759303018e-09,5.112708034715752e-09,5.2406567974117024e-09,1.3493709564208984,77.3132553100586,2.7464484140626603e-17,-165.61227416992188
1387,1.6987565913950675e-06,1698.756591796875,509.6269836425781,-4.5972600726251756e-10,-9.853247107116658e-10,1.0872960309882274e-09,-2.0073466300964355,-115.01248168945312,1.1822126319178047e-18,-179.27305603027344
1388,5.207131152928923e-07,520.713134765625,156.21392822265625,1.85693753707028e-08,-1.8875255136663327e-08,2.647823649226666e-08,-0.7935668230056763,-45.4680290222168,7.010970054971465e-16,-151.54222106933594
1389,1.0350652246415848e-06,1035.065185546875,310.5195617675781,-3.6833263106217373e-09,-1.1492224061271372e-08,1.2068061217007653e-08,-1.880958080291748,-107.77095031738281,1.4563810379707555e-16,-158.36724853515625
1390,1.0350652246415848e-06,1035.065185546875,310.5195617675781,-8.667886675084446e-08,-2.7042165129387286e-07,2.839737760496064e-07,-1.8809820413589478,-107.77232360839844,8.064110766951502e-14,-130.93443298339844
1391,9.907763569572126e-07,990.7763671875,297.23291015625,9.593541960839502e-08,1.3209290727900225e-07,1.6325482476986508e-07,0.9426546692848206,54.0101318359375,2.6652137324911264e-14,-135.74267578125
1392,4.2885187667707214e-07,428.85186767578125,128.6555633544922,3.059296105334397e-08,-3.125653691427033e-08,4.37367155825541e-08,-0.796126663684845,-45.61469650268555,1.912900244563538e-15,-147.18307495117188
1393,1.0759205224530888e-06,1075.9205322265625,322.7761535644531,-9.835047443118583e-09,-9.868510453259205e-09,1.3932538678318451e-08,-2.3544962406158447,-134.90269470214844,1.9411563901812148e-16,-157.11940002441406
1394,1.0350652246415848e-06,1035.065185546875,310.5195617675781,-8.667686302032962e-08,-2.70424038717465e-07,2.839753960870439e-07,-1.8809727430343628,-107.77179718017578,8.064202246509805e-14,-130.93438720703125
1395,9.907763569572126e-07,990.7763671875,297.23291015625,3.0058746602890096e-08,4.139028320082616e-08,5.1153531188674606e-08,0.9426842927932739,54.0118293762207,2.6166838268111385e-15,-145.82247924804688
1396,1.0168416793021606e-06,1016.8416748046875,305.052490234375,-1.945762662103334e-09,-1.5707502853956612e-08,1.5827557930947478e-08,-1.6940431594848633,-97.06151580810547,2.5051158233723543e-16,-156.01171875
1397,1.0766642617454636e-06,1076.664306640625,322.999267578125,8.477517354776865e-09,3.766435696661574e-08,3.860663255750296e-08,1.3494051694869995,77.31521606445312,1.4904721023944914e-15,-148.2667694091797
1398,1.687057533672487e-06,1687.0574951171875,506.11724853515625,1.1936317712013533e-08,2.5010111315282302e-08,2.7712477645991385e-08,1.1255059242248535,64.48673248291016,7.679814269298654e-16,-151.146484375
1399,1.687057533672487e-06,1687.0574951171875,506.11724853515625,1.1936334587403508e-08,2.5010162829630644e-08,2.7712530936696567e-08,1.1255061626434326,64.48674774169922,7.679843915451808e-16,-151.146484375
1400,1.6231930430876673e-06,1623.1929931640625,486.9579162597656,-3.283613603244362e-09,5.293209426326939e-09,6.228979554379066e-09,2.1260409355163574,121.81316375732422,3.8800187107387995e-17,-164.1116485595703
1401,9.7391944109404e-07,973.91943359375,292.17584228515625,-9.120606492274419e-09,7.396478096666215e-09,1.174279962157243e-08,2.46020245552063,140.95921325683594,1.3789333745319466e-16,-158.6045684814453
1402,1.055244524650334e-06,1055.2445068359375,316.5733642578125,-3.3036948177134207e-10,-1.5283013743427887e-09,1.5636013594999554e-09,-1.7836883068084717,-102.19780731201172,2.4448491396619964e-18,-176.1174774169922
1403,1.0552444109634962e-06,1055.244384765625,316.5733337402344,-2.8079065739206044e-09,-1.298854979125963e-08,1.3288595113181145e-08,-1.783703088760376,-102.19865417480469,1.7658675539583676e-16,-157.53042602539062
1404,1.4163271089273621e-06,1416.3271484375,424.89813232421875,1.5349614912452125e-09,-4.33132557597915e-10,1.594901544166305e-09,-0.275027334690094,-15.757905006408691,2.5437108713421903e-18,-175.9453125
1405,1.115609393309569e-06,1115.609375,334.6828308105469,3.9341070845466675e-08,4.047443713517396e-09,3.9548726959992564e-08,0.1025201827287674,5.873973369598389,1.5641018177631107e-15,-148.05734252929688
1406,5.205438924349437e-07,520.5438842773438,156.1631622314453,2.202189541833377e-08,-3.6439034012403226e-09,2.232133233803779e-08,-0.16398149728775024,-9.39544677734375,4.982418790526022e-16,-153.02560424804688
1407,5.205438355915248e-07,520.5438232421875,156.16314697265625,3.629007494510006e-08,-6.000334451528033e-09,3.6782790147071864e-08,-0.16386117041110992,-9.38855266571045,1.3529736675831744e-15,-148.68710327148438
1408,1.055244524650334e-06,1055.2445068359375,316.5733642578125,-2.8080371361483003e-09,-1.2988573772076961e-08,1.3288645739351068e-08,-1.783712387084961,-102.19918823242188,1.7658810535459645e-16,-157.53038024902344
1409,1.0552444109634962e-06,1055.244384765625,316.5733337402344,-8.288038699788558e-09,-3.833897821436949e-08,3.92245951275072e-08,-1.7836979627609253,-102.19835662841797,1.5385688566010771e-15,-148.1288299560547
1410,1.0552444109634962e-06,1055.244384765625,316.5733337402344,-3.3036395841179456e-10,-1.5282731746779632e-09,1.5635724937013151e-09,-1.7836886644363403,-102.19783020019531,2.444758976975228e-18,-176.1176300048828
1411,4.822875894205936e-07,482.28759765625,144.686279296875,-6.70943656189138e-09,1.052332532225364e-08,1.2480261268876802e-08,2.1383891105651855,122.52066802978516,1.5575691820365303e-16,-158.07553100585938
1412,1.015663769976527e-06,1015.6637573242188,304.6991271972656,1.4645428869641819e-08,8.284177965833806e-08,8.412638408117346e-08,1.3958163261413574,79.97438049316406,7.0772486890282194e-15,-141.50135803222656
1413,9.726876442073262e-07,972.6876220703125,291.8063049316406,3.184229413477624e-08,1.2767335988428385e-07,1.3158427236703574e-07,1.326378345489502,75.99588012695312,1.731442070339144e-14,-137.6159210205078
1414,2.27992563850421e-06,2279.925537109375,683.9776611328125,-8.821049846119422e-08,-1.2298048801540062e-08,8.906365422944873e-08,-3.003068447113037,-172.06314086914062,7.93233480202854e-15,-141.00599670410156
1415,1.0363060027884785e-06,1036.3060302734375,310.8918151855469,7.742825824941235e-10,-7.54632301092073e-10,1.0811953554679121e-09,-0.7725464105606079,-44.26364517211914,1.1689834289836676e-18,-179.32191467285156
1416,1.4123976370683522e-06,1412.3975830078125,423.71929931640625,-3.241489565652955e-08,-1.8467576357039661e-09,3.2467458055407405e-08,-3.084681749343872,-176.73924255371094,1.0541357851106474e-15,-149.77102661132812
1417,1.0540260291236336e-06,1054.0260009765625,316.2077941894531,2.1303792063775973e-09,8.19414136543628e-09,8.466550127650407e-09,1.3164393901824951,75.4264144897461,7.168247264966541e-17,-161.44586181640625
1418,9.726876442073262e-07,972.6876220703125,291.8063049316406,3.1838098379921576e-08,1.2767394252932718e-07,1.3158380340883014e-07,1.3264102935791016,75.99771118164062,1.731429703658114e-14,-137.61595153808594
1419,1.054025915436796e-06,1054.02587890625,316.207763671875,1.8087703779201547e-08,6.957017717468261e-08,7.188305772842796e-08,1.3164355754852295,75.42620086669922,5.1671741463767216e-15,-142.86746215820312
1420,1.6987567050819052e-06,1698.7567138671875,509.62701416015625,-4.59730309376738e-10,-9.853292626260668e-10,1.0873020261925603e-09,-2.0073485374450684,-115.0125961303711,1.1822256600124524e-18,-179.2729949951172
1421,1.3674346064362908e-06,1367.4345703125,410.2303771972656,-5.5480327887380554e-08,4.259977259835068e-08,6.994860513032108e-08,2.486774206161499,142.48165893554688,4.892807469266845e-15,-143.1044158935547
1422,1.6219076997003867e-06,1621.90771484375,486.5722961425781,2.9248653277136327e-08,6.185700840433128e-08,6.842348909685825e-08,1.1291093826293945,64.69319915771484,4.681773869139646e-15,-143.2958984375
1423,1.8506578953747521e-06,1850.6578369140625,555.1973876953125,-3.5350220173313573e-07,-2.787512975999107e-08,3.545995355125342e-07,-3.062901258468628,-175.49130249023438,1.25740834844984e-13,-129.0052490234375
1424,4.727802149773197e-07,472.78021240234375,141.8340606689453,-4.327534774972719e-09,7.775600607828892e-09,8.898737746676488e-09,2.0786566734313965,119.09825134277344,7.918753528691824e-17,-161.013427734375
1425,1.3684106079381309e-06,1368.41064453125,410.523193359375,-7.735632689964689e-10,5.604566255534849e-10,9.552548752012058e-10,2.514603853225708,144.07618713378906,9.12511840760962e-19,-180.39761352539062
1426,1.1382716138541582e-06,1138.2716064453125,341.4814758300781,-5.132053115808333e-10,-2.1762802671076997e-09,2.2359729623389057e-09,-1.8023829460144043,-103.26892852783203,4.999575161631249e-18,-173.01068115234375
1427,1.054025915436796e-06,1054.02587890625,316.207763671875,1.8088119446701967e-08,6.957137799190605e-08,7.188432249449761e-08,1.3164341449737549,75.42611694335938,5.167355834943908e-15,-142.8673095703125
1428,1.054025915436796e-06,1054.02587890625,316.207763671875,5.345754772179134e-08,2.0562600866469438e-07,2.124612024090311e-07,1.3164520263671875,75.42713928222656,4.5139761340688006e-14,-133.45440673828125
1429,1.0990072496497305e-06,1099.0072021484375,329.7021789550781,1.4772774115101583e-09,4.616215409924962e-09,4.846833157046149e-09,1.2610759735107422,72.25432586669922,2.3491792084524302e-17,-166.29083251953125
1430,1.0990071359628928e-06,1099.007080078125,329.7021484375,1.4773193779404892e-09,4.61625138115096e-09,4.846880674591603e-09,1.2610700130462646,72.25398254394531,2.3492251996944882e-17,-166.29075622558594
1431,1.6231930430876673e-06,1623.1929931640625,486.9579162597656,-3.2834837071504808e-09,5.293306681863896e-09,6.228993765233781e-09,2.1260149478912354,121.81167602539062,3.8800362469677856e-17,-164.11163330078125
1432,1.0540260291236336e-06,1054.0260009765625,316.2077941894531,2.130510878828318e-09,8.194256828630841e-09,8.466694900732818e-09,1.3164278268814087,75.42575073242188,7.168492110427857e-17,-161.44570922851562
1433,1.054025915436796e-06,1054.02587890625,316.207763671875,5.346756992707924e-08,2.0562710290050745e-07,2.1246478354441933e-07,1.3164076805114746,75.42459869384766,4.5141282611861275e-14,-133.4542694091797
1434,1.623193156774505e-06,1623.193115234375,486.95794677734375,-3.283560534583785e-09,5.293247617998986e-09,6.2289839952711645e-09,2.126030445098877,121.81256866455078,3.88002400469472e-17,-164.1116485595703
1435,1.6219076997003867e-06,1621.90771484375,486.5722961425781,2.9248047539454092e-08,6.185717893458786e-08,6.842338251544788e-08,1.1291184425354004,64.69371795654297,4.6817594695795425e-15,-143.29591369628906
1436,1.054400740940764e-06,1054.4007568359375,316.3202209472656,1.1173503233763427e-09,-1.3888320493649076e-09,1.782505587577532e-09,-0.8933022022247314,-51.18244171142578,3.1773262574741342e-18,-174.97938537597656
1437,1.0535596857152996e-06,1053.5596923828125,316.0679016113281,1.978065178320776e-08,2.3531974591151084e-08,3.0741308165715964e-08,0.8717929720878601,49.95005416870117,9.450279888671633e-16,-150.24554443359375
1438,1.6987565913950675e-06,1698.756591796875,509.6269836425781,-1.0028144536988748e-08,-2.1493814728046345e-08,2.3718088826285566e-08,-2.007335662841797,-115.01185607910156,5.625477204356422e-16,-152.4984130859375
1439,1.0552444109634962e-06,1055.244384765625,316.5733337402344,-2.808106414065037e-09,-1.2988738973263025e-08,1.3288822486856589e-08,-1.783714771270752,-102.19932556152344,1.7659280374047575e-16,-157.5302734375
1440,1.6987565913950675e-06,1698.756591796875,509.6269836425781,-4.597102698511435e-10,-9.853315940944185e-10,1.08729569792132e-09,-2.007330894470215,-115.01158142089844,1.1822119081347687e-18,-179.27305603027344
1441,1.4123976370683522e-06,1412.3975830078125,423.71929931640625,-3.2414654071999394e-08,-1.846753527878775e-09,3.246721647087725e-08,-3.084681272506714,-176.7392120361328,1.0541201150011232e-15,-149.77110290527344
1442,1.6219076997003867e-06,1621.90771484375,486.5722961425781,2.9247825494849167e-08,6.185739209740859e-08,6.842347488600353e-08,1.1291227340698242,64.69396209716797,4.681771751557278e-15,-143.2958984375
1443,1.100255872188427e-06,1100.255859375,330.0767517089844,-2.434993873201563e-10,-8.493087899630325e-10,8.835255305150724e-10,-1.850009799003601,-105.99774932861328,7.806173751014989e-19,-181.0756072998047
1444,5.223272410148638e-07,522.3272705078125,156.6981658935547,-1.7522006068304563e-10,3.735757259093475e-10,4.126267938442396e-10,2.009366512298584,115.12821197509766,1.7026087315317128e-19,-187.6888427734375
1445,1.054025915436796e-06,1054.02587890625,316.207763671875,2.130344567419229e-09,8.194165346253612e-09,8.466564338505123e-09,1.3164441585540771,75.42668914794922,7.168271087768183e-17,-161.4458465576172
1446,1.0540260291236336e-06,1054.0260009765625,316.2077941894531,2.130613685480398e-09,8.194284362161852e-09,8.46674730325958e-09,1.31641685962677,75.42512512207031,7.168580784189523e-17,-161.4456787109375
1447,1.015663769976527e-06,1015.6637573242188,304.6991271972656,1.4646844626042821e-08,8.284146701953432e-08,8.41263272377546e-08,1.395799160003662,79.97339630126953,7.077238948149326e-15,-141.50135803222656
1448,1.4164512549541541e-06,1416.4512939453125,424.93536376953125,1.3298409040629622e-09,-1.2112354452753493e-09,1.7987685785314511e-09,-0.7387567758560181,-42.32764434814453,3.235568457994299e-18,-174.90049743652344
1449,1.6487662151121185e-06,1648.7662353515625,494.6298522949219,-8.544366991714014e-09,-1.7841520261185906e-08,1.9781962734555236e-08,-2.0174245834350586,-115.58990478515625,3.9132604525793455e-16,-154.07461547851562
1450,1.9411061202845303e-06,1941.1060791015625,582.3318481445312,8.395591777343725e-08,4.48311610057317e-09,8.40755305375751e-08,0.05334778502583504,3.056602716445923,7.068694926810372e-15,-141.50660705566406
1451,2.281228717038175e-06,2281.228759765625,684.3685913085938,-3.7004184161304465e-09,-7.263423196235408e-09,8.151712194148786e-09,-2.041982650756836,-116.99697875976562,6.64504096914797e-17,-161.7750244140625
1452,1.6987565913950675e-06,1698.756591796875,509.6269836425781,-4.5970433015796175e-10,-9.853330373843505e-10,1.0872944766759929e-09,-2.0073251724243164,-115.0112533569336,1.1822093231953545e-18,-179.27305603027344
1453,4.727802149773197e-07,472.78021240234375,141.8340606689453,-4.327694202999055e-09,7.775436294821247e-09,8.89867113329501e-09,2.078681468963623,119.09967041015625,7.918635076428106e-17,-161.01348876953125
1454,4.7278399506467395e-07,472.78399658203125,141.835205078125,-2.6067333180890273e-08,1.4031491524235662e-08,2.9603862472526998e-08,2.6477930545806885,151.7073516845703,8.76388673986411e-16,-150.57302856445312
1455,1.623193156774505e-06,1623.193115234375,486.95794677734375,-4.954941790202838e-09,-1.129127191745738e-08,1.2330623633260984e-08,-1.98432195186615,-113.69326782226562,1.5204428015160883e-16,-158.1802978515625
1456,1.6987565913950675e-06,1698.756591796875,509.6269836425781,-4.597392466720862e-10,-9.853262650239003e-10,1.0873030253932825e-09,-2.007357120513916,-115.0130844116211,1.1822278313615604e-18,-179.2729949951172
1457,1.0990071359628928e-06,1099.007080078125,329.7021484375,1.477313826825366e-09,4.61625004888333e-09,4.846877565967134e-09,1.261070966720581,72.25404357910156,2.349222221844283e-17,-166.29075622558594
1458,1.0540260291236336e-06,1054.0260009765625,316.2077941894531,2.1301644892446348e-09,8.19429146758921e-09,8.466640721849217e-09,1.3164684772491455,75.42808532714844,7.168400789688231e-17,-161.44577026367188
1459,4.822874757337559e-07,482.2874755859375,144.68624877929688,3.3934397514201464e-09,3.675048487750132e-09,5.002141367782542e-09,0.8252171277999878,47.281455993652344,2.502141778197981e-17,-166.01687622070312
1460,9.72687757894164e-07,972.687744140625,291.80633544921875,3.1839935132893515e-08,1.2767382884248946e-07,1.3158415868019802e-07,1.3263965845108032,75.9969253540039,1.7314390210205338e-14,-137.61593627929688
1461,1.698756364021392e-06,1698.75634765625,509.6269226074219,-4.597257297067614e-10,-9.853309279606037e-10,1.087301693125653e-09,-2.0073440074920654,-115.01233673095703,1.1822249362294165e-18,-179.2729949951172
1462,1.0552444109634962e-06,1055.244384765625,316.5733337402344,-2.8076072577931654e-09,-1.2988668807167869e-08,1.3288648403886327e-08,-1.7836792469024658,-102.1972885131836,1.7658817152904545e-16,-157.53038024902344
1463,2.3539371341030346e-06,2353.937255859375,706.18115234375,1.614313571707271e-09,1.9509535653661203e-10,1.6260598423301076e-09,0.12027017027139664,6.89097261428833,2.6440706271117178e-18,-175.7772674560547
1464,1.054400740940764e-06,1054.4007568359375,316.3202209472656,1.1173780789519583e-09,-1.3888130645511865e-09,1.782508252112791e-09,-0.8932834267616272,-51.181365966796875,3.1773357700511786e-18,-174.9793701171875
1465,1.0154400342798908e-06,1015.4400634765625,304.63201904296875,1.2107213009926454e-08,7.293121662144131e-09,1.4134150738698281e-08,0.5421663522720337,31.0638427734375,1.9977421615247423e-16,-156.99461364746094
1466,1.6987567050819052e-06,1698.7567138671875,509.62701416015625,-5.15625231400918e-09,-1.1051827897290423e-08,1.2195483733989931e-08,-2.0073294639587402,-115.0114974975586,1.4872982699411295e-16,-158.27603149414062
1467,4.822875325771747e-07,482.28753662109375,144.68626403808594,-6.711152078509031e-09,1.052489828623493e-08,1.2482509248457063e-08,2.138437271118164,122.52342224121094,1.5581303413640863e-16,-158.07395935058594
1468,4.7278399506467395e-07,472.78399658203125,141.835205078125,-2.6067439762300637e-08,1.4032047523926394e-08,2.9604219520251718e-08,2.647778034210205,151.7064971923828,8.764097968705332e-16,-150.57293701171875
1469,9.940471272784634e-07,994.047119140625,298.2141418457031,7.308621485790923e-10,5.618043807942286e-09,5.665383717712302e-09,1.441430926322937,82.58790588378906,3.20965731481929e-17,-164.9354248046875
1470,1.1181117542946595e-06,1118.1116943359375,335.43353271484375,1.395128179648708e-10,6.274891162227902e-10,6.428113596967933e-10,1.3520199060440063,77.46502685546875,4.1320644277350095e-19,-183.8383331298828
1471,1.3684104942512931e-06,1368.4105224609375,410.5231628417969,-6.755999926166822e-11,3.0281332996651145e-10,3.102584023029209e-10,1.790308952331543,102.57714080810547,9.62602745031088e-20,-190.16552734375
1472,1.92059155779134e-06,1920.591552734375,576.177490234375,1.3439076518295678e-08,-2.735380533192e-10,1.3441859181284599e-08,-0.020351121202111244,-1.1660332679748535,1.8068357582902e-16,-157.43081665039062
1473,1.9411061202845303e-06,1941.1060791015625,582.3318481445312,2.8315052524874318e-09,1.5121300045439767e-10,2.8355398029589196e-09,0.053353067487478256,3.056905508041382,8.040285716702197e-18,-170.94728088378906
1474,1.0540260291236336e-06,1054.0260009765625,316.2077941894531,2.1303963038121765e-09,8.194244394132966e-09,8.466654044525512e-09,1.3164405822753906,75.42648315429688,7.168423289000893e-17,-161.44577026367188
